,text,tag
3749,이 어둠이 가시면 새 아침이 오듯이 종가도 종손도 허물어짐으로 하여 진정 길녀나 태식이나 자기같은 사람들이 행복하게 살 수 있는 날이 올 것만 같다.,OOBIOOOOOOOOBIOOOOOOBIOOBIOOOOOOOOOOOOOOOBIOOBIIOOOOOOOBIOOOBIOOOOOOOOOOBOOOOOOOOOO
13775,"특히 연세춘추 기자 시절에는 언론의 진정한 방향에 대해서 사상계를, 바람직한 언론인상으로서는 장준하張俊河 선생을 꼽을 정도였다.",OOOBIIIOBIOBIOOOBIOOOOOOBIOOOOOOBIOOOOOOOOOBIIOOOOOOBIIOOOOBIOOOOOBIOOO
50385,"질문 (1) 주최측에서는 처음 시작보다 인원이 적은 이유를 뭐라고 생각합니까? 답ː 솔직하게 말해서, 첫날 전 놀랐어요.",BIOOOOOBIOOOOOBIOBIOOOBIOOOOOBIOOOOOOBIOOOOOBOOOOOOOBOOOOBIOOOOOOOO
49648,"""나, 강태진이란다.",OOOOBIIOOOO
47319,1.1 시가문학의 장르론,OOOOBIOOOOBIO
74870,"제3세대 백금착제 항암제 선플라는 수입품인 시스플라틴이나 카보플라틴과 비교해 치료효과에 손색이 없을 뿐 아니라, 부작용도 적은 것으로 알려졌다.",OOBIOBIIIOBIIOBIIOOBIIOOBIIIIOOOBIIIIOOBIOOBIOOOOBIOOOOOOOOOOOOBIIOOOOOOOOOOOOOO
51007,소광통교에 이르러 갑자기 회오리 바람이 앞에서 일더니 붉은 보자기가 반쯤 벗겨졌다.,OBIIOOOOOOOOOOBIIOBIOOBOOOOOOOOOOBIIOOBIOOOOOO
37854,처음 제시를 만났던 날 그녀가 읽고 있던 책이다.,BIOBIOOOOOOBOOOOOOOOOOOBOOO
20579,소리는 벽에서 나는 것은 아니라 분명 천장에서 나고 있었다.,BIOOBOOOOOOOOOOOOOOOOBIOOOOOOOOOO
7954,자아의 기능은 거의 의식적인 성격 기능이라고 할 수 있으나 상당한 부분은 무의식적인 기능이다.,BIOOBIOOOOOBIOOOBIOBIOOOOOOOOOOOOBIOOBIOOOBIOOOBIOOO
14534,"원형광장에 8개 방사선 가로가 결합된 경관구조는 일본인 학자 선생영조(善生永助)가 말했듯이 일본을 상징하는 ""빛나는 태양의 형상""(욱일형, 旭日形)을 취한 것이다.",BIOOOOOOOBIIOBIOOBIOOBIOOOOBIIOBIOBIIIOOOOOOOOBOOOOBIOOBIOOOOOOOOBIOOBIBIOOOOOOOOOOOOOOOOOO
4291,밥,B
68342,"또한 광우병이 몰고 온 육식에 대한 부정적인 사회 분위기에 편승하여 출간된 채식주의 관련 책자가 적지 않은 독자들의 경각심을 유발하고 있으며, 이를 반영하여 방송매체나 대중잡지에서 채식주의자의 주장을 비중 있게 다룬 데 힘입은 바 클 것이다.",OOOBIIOOOOOOOBIOOOOOBIOOOBIOBIIOOBIOOOBIOOBIIIOBIOBIOOOOOOOOBIOOOBIIOOBIOOOOOOOOOOOBIOOOBIOOOOBIOOOOOBIIIIOOBIOOBIOOOOOOOOOOOOOOOOOOOOO
19415,승부에 집착하는 유태인 출신의 마라토너는 왜 달리냐고 묻는 여자에게 그렇게 대답했다.,BIOOBIOOOBIIOBIOOBIIIOOOOOOOOOOOOBIOOOOOOOBIOOO
27008,제멋대로 앞질러만 가려는 상상력에 급히 제동을 걸면서 상덕은 실소했다.,OOOOOOOOOOOOOOBIIOOOOOBIOOOOOOBIOOBIOOO
22914,나는 천천히 눈을 들어 시찰구 쪽을 쳐다보았다.,OOOOOOOBOOOOOBIIOOOOOOOOOO
67937,그러한 바탕에서 쓰인 이태준의 수필에는 무위의 멋이 있다.,OOOOBIOOOOOOBIIOOBIOOOBIOOBOOOOO
17631,혹시 여러분은 이해할 수 있는지요.,OOOOOOOOBIOOOOOOOOO
45680,"이런 징후군을 주인공 박창도가 여인과 정사를 나누며 여인의 몸을 핥는 일, 박형도의 몸에다 손가락으로 또는 청색 사인펜으로 무수히 낙서하는 여인의 행위에서 조금 엿볼 수는 있다.",OOOBIIOOBIIOBIIOOBIOOBIOOOOOOBIOOBOOOOOBOOBIIOOBOOOBIIOOOOOOBIOBIIOOOOOOOBIOOOBIOOBIOOOOOOOOOOOOOOO
22399,아줌마도 입다물고 나도 입다물었어요.,BIIOOBOOOOOOOBOOOOOO
8206,"남편의 목소리가 착 가라앉았고, 아차 하면서 나는 숨을 삼킨다.",BIOOBIIOOOOOOOOOOOOOOOOOOOOOBOOOOOO
14758,"거기서 아르바이트할 수 있게,",OOOOBIIIIOOOOOOO
1936,본래 Logos는 말과 길 두 개의 뜻을 가지고 있다고 본다.,OOOOOOOOOOBOOBOOOOOOBOOOOOOOOOOOOO
36383,이창호를 합해도 평균연령 20.4세에 평균단위 4.6단으로 청소년 대표팀을 방불케 한다.,BIIOOBOOOBIOOOOOOOOOOBIOOOOOOBOOOBIIOBIOOOOOOOOOO
24004,도로에 차들이 엄청나게 밀려 있는데 그 속에 자신도 끼여서 오도가도 못하고 낑낑대거나 심지어는 사람을 치여 죽게 하는 무서운 꿈을 꾸기도 했다.,BIOOBOOOOOOOOOOOOOOOOOBOOBIOOOOOOOOOOOOOOOOOOOOOOOOOOBIOOOOOOOOOOOOOOOBOOOOOOOOO
28378,먼저,OO
14889,"우리의 행정, 우리의 삶 자체가 미완성으로 끝날 가능성이 많습니다.",OOOOBIOOOOOOBOBIOOOBIOOOOOOBIOOOOOOOO
51570,특히 우리 나라의 노동관행과 인사제도에 있어서는 정상적인 시대에는 전혀 상상할 수 없는 고용조정과 인적자원의 시가주의 등 문자 그대로 '노동빅뱅'이라고도 할 수 있는 노동의 유연성을 확보하는 계기가 되었다.,OOOOOOBIOOBIOOOOBIOOOOOOOOOBIOOOBIOOOOOOBIOOOOOOOBIOOOOBBIOOOBIIIOOOBIOOOOOBIIOOOOOOOOOOOOOOOBIOOOOOOOBIOOOBIOOOOOO
63652,비가 올 것같이 흐린 토요일 아침 시간입니다.,BOOOOOOOOOOOBIIOBIOBIOOOO
21662,"무슨 진 자 할 때::,",OOOBOOOOOBOOO
1947,"그리고 하나가 아니면서 둘을 아우르고 둘을 아울렀으면서도 하나가 아니라는 것은, 다툼에 휩쓸리지도 않고 또 그러면서도 다툼의 현장을 떠나지도 않는다는 것이다.",OOOOOOOOOOOOOOOOOOOOOOOOOOOOOOOOOOOOOOOOOOOOOBIOOOOOOOOOOOOOOOOOOOBIOOBIOOOOOOOOOOOOOOOO
54664,벽에 붙은 장군들이 고개를 저었다.,BOOOOOBIOOOBIOOOOOO
337,이러한 컴퓨터를 개발하기 위해서는 막대한 자본과 기술을 필요로 하므로 이에 투자한 자본과 노력을 보호하기 위한 노력의 일환으로 지적소유권에 대한 관심이 지금껏 고조되어 왔다.,OOOOBIIOOBIOOOOOOOOOOOOBIOOBIOOBIOOOOOOOOOBIOOBIOOBIOOBIOOOOOOBIOOBIOOOBBIOOOOOOOBIOOOOOOBIOOOOOO
31408,"가즈오 교수는 이러한 문화적 가치들은 그동안 기업과는 거리가 먼 것으로 인식되어 왔지만, 이제는 기업이 경제활동을 통해서 이러한 문화적 가치와 인류적 가치를 구현하도록 노력해야 한다고 역설한다.",BIIOBIOOOOOOBIOOBIOOOBIIOBIOOOBIOOOOOOOOBIOOOOOOOOBIOOBIOOBIOOOOOOOOOOOOBIOOBIOOBIOOBIOOBIOOOOBIOOOOOOOBIOOO
23162,"만화는 그림과 글이 절묘하게 조합되어 있는 매체로서, 비교적 값이 싸면서도 전달하고자 하는 정보를 효과적으로 전달할 수 있다.",BIOOBIOOBOOOOOOOBIOOOOOOBIOOOOBIOOBOOOOOOOBIOOOOOOOBIOOBIOOOOBIOOOOOOO
63017,"""자, 이걸 들렴.""",OOOOOOOOOOO
73083,그러나 그런 안경을 발견해 낸다 하더라도 정치가들은 금세 압수하려고 들 것이다.,OOOOOOOBIOOBIOOOOOOOOOOBIIOOOOOOBIOOOOOOOOOO
10939,상대에 따라 설득이 용이한 수단을 다양하게 사용해야 한다.,BIOOOOOBIOOOOOOBIOOBIOOOBIOOOOOO
52743,"그 작업을 하면서, 일본과 한국은 문학사 서술의 전통이 서로 아주 다르다는 것을 거듭 확인했다.",OOBIOOOOOOOBIOOBIOOBIIOBIOOBIOOOOOOOOOOOOOOOOOOOBIOOO
45220,유지가 '가위'를 내었다.,BIOOOBIOOOOOOO
11872,몸살 감기다.,BIOBIOO
7309,부화기란 한 사람이 문제에 대해 의식적으로는 생각하지 않고 있는데도 무의식적으로 작업이 일어나고 있는 시기를 말한다.,BIIOOOOBIOOBIOOOOOBIOOOOOBIOOOOOOOOOOOOBIOOOOBIOOOOOOOOOOBIOOBOOO
41256,난 자네가 그냥 넘어갔다면 여기서 마무리를 지을까 하는 생각도 하고 있었네.,OOOOOOOOOOOOOOOOOOOBIIOOOOOOOOOBIOOOOOOOOO
66239,이제 특징으로 볼 수 있는 게 바로 여기서 상징적인 자극의 등장인데요?,OOOBIOOOOOOOOOOOOOOOOOOOBIOOOBIOOBIOOOO
5693,"라울은 후반 44분 상대 벌칙구역 안에서 수비수 한명을 제친 뒤, 달려드는 수비수의 가랑이 사이로 왼발 슛을 날려 기선을 제압했다.",BIOOBIOOOOOBIOBIOOOBOOOBIIOOOOOOOOBOOOOOOOBIIOOBIIOBIOOBIOBOOOOOBIOOBIOOO
58532,"그걸 내가 가졌다간 내 나이도 다 못 채우고 죽고 말거야.""",OOOOOOOOOOOOOBIOOOOOOOOOOOOOOOOOO
7493,폰 라드가 말한 대로 저자의 중심 의도는 사람은 하느님 대신 우주 만물을 거느리는 '전권 대리자'라는 데 있었던 것 같다.,BOBIOOBOOOOOBIOOBIOBIOOBIOOBIIOBIOBIOBIOOOOOOOOBIOBIIOOOOOOOOOOOOOOO
31097,(원칙 16) 국가 당국은 오염자가 원칙적으로 오염의 비용을 부담하여야 한다는 원칙을 고려하여 환경비용의 내부화와 경제적 수단의 이용을 증진시키도록 하여야 함.,OBIOOOOOBIOBIOOBIIOOBIOOOOBIOOBIOOBIOOOOOOOOBIOOBIOOOBIOOOOBIOOOBIOOBIOOBIOOBIOOOOOOOOOOO
53331,그렇지 않으면은,OOOOOOOO
19268,"스타일이라구 생각을 했는데,",BIIOOOOBIOOOOOO
33145,수입차 업체마다 이 같은 판매 증가세를 유지하기 위해 최근 새로운 모델을 잇따라 선보이고 있다.,BIOOBIOOOOOOOOBIOBIIOOBIOOOOOOBIOOOOOBIOOOOOOOOOOOOOO
72838,"이때 용어의 사용과 판단에는 주관적인 의견이 개입할 여지가 원칙적으로 없으며, 그것들은 모두 엄밀한 학문적 근거를 갖는다.",BIOBIOOBIOOBIOOOBIOOOBIOOBIOOBIOOBIOOOOOOOOOOOOOOOOOOOOOBIOOBIOOOOOO
64000,"보건소의 직원 중에서 의료직 구성은 1990년 현재 의사(관리의사) 2명, 치과의사(관리의사) 1명, 약사 1명, 의료기사(임상병리사 2명, 방사선사 1명) 3명, 가족계획요원(간호사 3명, 간호조무사 1명) 4명으로 되어 있다.",BIIOOBIOOOOOBIOOBIOOOOOOOOOOOBIIOOOOOOOOOOBIIOOOOOOOOOOOOBIOOOOOBIIOOOOOOOOOOOOBIIIOOOOOOOOOBBIIOOOOOOOOOOOBIIIIOOOOOOOOOOOOOOOO
21527,"감상문이라는 건 단순하게 느낌만을 쓰는 것이라기보다는,",BIIOOOOOOBIOOOBIOOOOOOOOOOOOOO
25731,왜 그리 반갑던지.,OOOOOOOOOO
47983,그렇게 밀도를 주어 힘들일 만한 가치가 있는 이야기를 만들었다는 뜻이기도 하다.,OOOOBIOOOOOOOOOOOOBIOOOOOBIIOOOOOOOOBOOOOOOO
24629,"이들에게 애인은 감정, 사랑의 대상으로 매춘에서 오는 어려움을 견디게 해주는 중요한 존재다.",OOOOOBIOOBIOOBIOOBIOOOBIOOOOOOBIIOOOOOOOOOOOOOOBIOO
2135,"영령전 역시 정전에서와 같은 초석 위에 두리기둥을 세워 이익공으로 결구하였으나, 중앙 4간만은 일출목첨차를 두어 외목도리를 받치고 있다.",BIIOOOOBIOOOOOOOBIOBOOBIIIOOOOOBIIOOOBIOOOOOOBIOOOOOOBIIOOOOOOOBIIIOOOOOOOOO
3704,새파랗게 긴장된 얼굴을 하지 않아도 여유 있는 미소를 보내며 예전과는 또 다른 숙달된 솜씨로 나의 일을 할 수 있게 되었다.,OOOOOBIOOBIOOOOOOOOOBIOOOOBIOOOOOOBIOOOOOOOOBIOOBIOOOOOBOOOOOOOOOOOOO
15112,김 서기관이 감정의 운율을 약간 살리면서 말을 끊고 잠자코 있었다.,BOBIIOOBIOOBIOOOOOOOOOOBOOOOOOOOOOOOO
45152,"안 예쁘다는 얘기가 아니라,",OOOOOOOBIOOOOOO
40424,"""바람 좀……""",OBIOOOOO
23473,어제 일처럼 생생히 기억나면서도 어느 순간 희미한 흑백사진이 되어버린다.,OOOBOOOOOOOOOOOOOOOOOBIOOOOOBIOOOOOOOOOO
66520,어떤 문학가가 아무리 철학적이라 해도 플라톤이나 칸트를 당할 수는 없다.,OOOBIIOOOOOOBIOOOOOOOBIIOOOBIOOOOOOOOOOO
39671,이번 선거의 당락여부를 떠나 1년 2개월 동안 옥바라지해오며 가슴에 묻어 두었던 말을 속시원하게 털어놓을 것 같다.,BIOBIOOBIOOOOOOOOOOOOOOBIOBIIIOOOOBIOOOOOOOOOBOOBOOOOOOOOOOOOOOO
17467,저희는 억지로 옹기쟁이를 만들지 않습니다.,OOOOOOOOBIOOOOOOOOOOOOO
28034,에디슨은 교류의 사용을 완강하게 반대했다.,BIIOOBIOOBIOOOOOOOBIOOO
67265,"미련한 년.""",BIOOOOO
34175,"""염 의원을 오라고 부를까요?""",OBOBIOOOOOOOOOOOO
41164,"""무서워서 못 타.""",OOOOOOOOOOO
44278,진작부터 이 고개가 무서운 고개라는 것을 영구는 마을 사람한테서 듣고 있었다.,OOOOOOOBIOOOOOOBIOOOOOOBIOOBIOBIOOOOOOOOOOO
19117,반찬을 뒤적거리거나 흘리거나 집었다 놓았다 하거나 이것 저것 고르는 것을 삼간다.,BIOOOOOOOOOOOOOOOOOOOOOOOOOOOOOOOOOOOOOOOOOOO
16320,"아동문학사와 글짓기 교육인데, 아동문학사는 언제나 얘기하던 것이고, 글짓기 교육은 그저 평범한 얘기.",BIIOOOOBIIOBIOOOOBIIOOOOOOOOBIOOOOOOOOBIIOBIOOOOOOOOOBIO
57179,경기 과천 국립현대미술관 (관장 김윤수)은 11월11일까지 '진경(眞景)-그 새로운 제안' 전을 연다.,BIOBIOBIIIIIIOOBIOBIIOOOOOOOOOOOOOBIOOOOOOOOOOOBIOOBOOOOO
24118,이들은 자주 이직을 하거나 결혼이라는 것을 통해서 미련 없이 직장을 떠난다.,OOOOOOOBIOOOOOOBIOOOOOOOOOOOBIOOOOBIOOOOOO
30927,이번에는 그녀가 한국말로 물었다.,BIOOOOOOOBIIOOOOOO
9639,"문화공보부 장관을 지낸 이웅희 전장관이 동아방송 시절에 아침 뉴스 쇼를 진행했는데 어느 날 아침, 너무나도 '자신감 있게' 틀려 버렸다.",BIOOOOBIOOOOOBIIOOBIOOBIIIOBIOOBIOBIOBOOBIOOOOOOOBOBIOOOOOOOOBIIOOOOOOOOOOOO
24386,또 손님으로서 남자들 또한 돈을 주고 성을 구매하는 것을 당연하게 여겼다.,OOBIOOOOBIOOOOOBOOOOOBOOBIOOOOOOOOOOOOOOO
54131,"자기 스스로 창의적인 이론을 개척하겠다고 결단을 내려, 중학교 수준의 신교육을 대강 엉성하게 받고, 서양의 문법학에 관해서 제대로 알 수 없는 조건에서, 당대 서양 언어학의 선진 학자들에 비해서 손색이 없고 도리어 앞서나가기조차 한 이론을 수립했다.",OOOOOOOBIOOOBIOOBIOOOOOBIOOOOOOBIIOBIOOOBIOOOOOOOOOOOOOOBIOOBIIOOOOOOOOOOOOOOOOOBIOOOOBIOBIOBIIOOBIOBIOOOOOOOBIOOOOOOOOOOOOOOOOOOOBIOOBIOOO
65020,시에는 특별히 이러한 교묘한 언어 사용이 많이 눈에 띄지만 소설과 수필에서도 작가에 따라 비상한 언어 사용법이 많이 또는 적게 발견될 수 있다.,BOOOOOOOOOOOOOOOBIOBIOOOOOBOOOOOOBIOOBIOOOOBIOOOOOBIOOBIOBIIOOOOOOOOOOOBIOOOOOOO
51989,"외국의 인기 가수들 중에는 대규모의 사단을 이끌고 다니는 사람이 있는데, 그 팀에 있는 수십 또는 수백 명이 모두 타인의 추종을 불허하는 전문가들이다.",BIOOBIOBIOOOOOOOBIOOBIOOOOOOOOOOBIOOOOOOOOOBOOOOOOOOOOOOOOOOOOOOBIOOBIOOBIOOOBIIOOOO
4088,여름이 끝나는가 싶었는데 초겨울로 들어서고 있으니 말이다.,BIOOOOOOOOOOOOBIIOOOOOOOOOOOBOOO
46098,그의 이름이 바로 보 반 러이였다.,OOOBIOOOOOBOBOBIOOO
23937,"일반 교사로서 한국어 교육 및 언어학 지식들을 충분히 갖추고 체계화할 수 있는,",BIOBIOOOBIIOBIOOOBIIOBIOOOOOOOOOOOBIOOOOOOOO
10125,더구나 이 후보는 아들의 병역면제로 안보를 강조하는 정책에 성실성을 의심받고 있어 더욱 그렇다.,OOOOOOBIOOBIOOBIOOOOBIOOBIOOOBIOOBIOOOBIOOOOOOOOOOOOO
73102,"어디서 방송에서,",OOOOBIOOO
9975,지금 나오지 않으면 평생 그곳에 갇힌 채 못 나올 테니까.,OOOOOOOOOOOBIOOOOOOOOOOOOOOOOOOO
22665,"""천봉삼이라 하지요.""",OBIIOOOOOOOO
16823,"하얀 길의, 그 부드러워 보이는 개흙의 유혹에 잠깐 넘어갔을 뿐이다.",OOOBOOOOOOOOOOOOOOBIOOBIOOOOOOOOOOOOOO
61883,한번 들어보지 않을래?,BIOOOOOOOOOO
54618,그는 건강하고 좋아 보였다.,OOOBIOOOOOOOOOO
1181,"토성의 아래 넓이는 24척, 위의 넓이 18척, 높이 25척, 길이 4만 3백척이었다.",BIOOBIOBIOOOOOOOBOOBIOOOOOOOOOOOOOOBIOOOOOOOOOOO
26799,"엎친 데 덮친다고 이런 때에는 좋지 못한 일만 생기는지, 일행 중의 한 사람인 나의 친한 친구 드라크르가 우리들과 떨어져서 진귀한 고산 식물을 찾으러 간 것이 아닌가.",OOOOOOOOOOOOOBOOOOOOOOOBOOOOOOOOBIOOOOOOBIOOOOOOOOBIOBIIIOOOOOOOOOOOOOOOOBIOBIOOOOOOOOOOOOOOO
50489,"""여러분은 지금 당장이라도 채권을 확보하실 수 있습니다.",OOOOOOOOOBIOOOOBIOOBIOOOOOOOOOO
29012,집안이 온통 저것에다 마지막 희망을 걸고 있읍니다.,BIOOOOOOOOOOBIIOBIOOOOOOOOOO
12269,그러나 나는 이상하리만치 담담했다.,OOOOOOOBIOOOOOOOOOO
30006,마침 김형사는 집에 있었다.,OOOBIOOOBOOOOOO
10600,"분장을 진하게 하고 있었지만, 그의 날카로운 눈매와 매끈한 얼굴선을 가려주지는 못했다.",BIOOOOOOOOOOOOOOOOOOOOOOOBIOOOOOOBIIOOOOOOOOOOOO
15423,어린애들 공부시키시느라 수고가 많으십니다.-,BIIOOBIOOOOOOBIOOOOOOOOO
40062,"미국이란 말만 튀어나와도 '아이쿠, 요번엔 또 뭔가…' 하고 깜짝깜짝 놀라는 요즘의 일본 사정에선 충분히 있을 수 있는 짐작이다.",BIOOOBOOOOOOOOOOOOOOBIOOOOOOOOOOOOOOOOOOOOOBIOOBIOBIOOOOOOOOOOOOOOOBIOOO
28998,"63년 '종로서적센터'로 이름을 바꾼 뒤 70, 80년대에는 '젊은이의 거리' 종로의 명물로 사랑받아왔다.",OOOOOBIIIIIOOOBIOOOOOBOOOOOOOOOOOOOBIIOOBIOOBIOOBIOOBIOOOOO
61066,신철이는 이런 말을 하며 이 여자가 모든 것을 보았구나 하고 직각되었다.,BIIOOOOOBOOOOOOOBIOOOOOOOOOOOOOOOOBIOOOO
24655,"박찬호는 97, 98시즌의 성적을 바탕으로 뽑은 올해의 평가에서 82.031의 점수를 획득, 내셔널리그 선발투수 가운데 14위를 차지했다.",BIIOOOOOOOOBIOOBIOOBIOOOOOOBIOOBIOOOOOOOOOOOBIOOBIOOBIIOOOBIOOOBIIOOOOOOBIOOO
1117,전국 온천지역의 호텔및 장급 여관의 예약이 이미 끝났다.,BIOBIOOOOBIOOBOOBIOOBIOOOOOOOOO
6667,죄지은 사람들의 죄풀이가 그것이다.,OOOOBIOOOBIOOOOOOOO
12496,쫄짜로 있는 거랑 차이가 되지.,BIOOOOOOOOBIOOOOO
22915,"""관심도 없어.""",OBIOOOOOO
7744,"""결코 비싼 게 아녀요.",OOOOOOOOOOOOO
74427,그는 내가 멍청하게 앉아 있는 앞을 지나치려다 문득 걸음을 멈추었다.,OOOOOOOOOOOOOOOOOBOOOOOOOOOOOBIOOOOOOO
62558,오히려 한국인이 일본 사전에서 말하는 사대주의자였다면 그 역사는 훨씬 평온한 것이었을 것이다.,OOOOBIIOOBIOBIOOOBOOOBIIIIOOOOOOBIOOOOOBIOOOOOOOOOOO
16009,"그 다음 시간을,",OOBIOBIOO
13837,그리고 귀자(貴子)는 관에 자라(紫羅)를 사용하고 금?은으로 장식한다.,OOOOBIOOOOOOBOOBIOOOOOOBIOOOBBOOOOBIOOO
72722,"더욱 마음이 아픈 것은 병원에서의 장례는 천수를 누린 자연사가 드물고, 젊은이가 병으로 죽거나 일반인들이 사고를 당한 경우일 때가 많다는 점이다.",OOOBIOOOOOOOOBIOOOOBIOOBIOOOOOBIIOOOOOOOBIIOOBOOOOOOOBIIOOOBIOOOOOBIOOBOOOOOOBOOO
14456,"농업은 생명 산업, 농민은 진정한 애국자 현대 사회로 넘어오면서 문명의 이기가 많이 발달되어 사람 살기가 편해졌다지만 여전히 농업은 인간 생존에 필수적인 생명 산업이다.",BIOOBIOBIOOBIOOOOOOBIIOBIOBIOOOOOOOOBIOOBIOOOOOBIOOOBIOOOOOOOOOOOOOOOOBIOOBIOBIOOBIOOOBIOBIOOO
1083,"그래서, 텍스트 바깥에는 아무것도 없기 때문에, 그래, 없더라도, 나는, 바깥으로 간다.",OOOOOBIIOBIOOOBIIOOOOOOOOOOOOOOOOOOOOOOOOBIOOOOOO
19618,"""무엇으로?""",OOOOOOO
21548,"외모 콤플렉스란 무엇인가 1) 화장하는 여자, 화장하지 않는 여자 오늘날 화장은 여성이 갖추어야 할 예의가 되었다.",BIOBIIIOOOOOOOOOOBIOOOBIOOBIOOOOOOBIOBIOOBIOOBIOOOOOOOOOBIOOOOOO
5730,그 기술을 인정해주어야 하는 것은 이것들 중에는 거푸집에서 찍어낸 것도 없지는 않겠지만 대개는 씨멘트 그 자체로 조각을 한 것이다.,OOBIOOBIOOOOOOOOOOOOOOOOOOOBIIOOOOOOOOOOOOOOOOOOOBIOOBIIOOOBIOOBIOOOOOOOO
42826,책은 사야 되겠네 그럼?,BOOOOOOOOOOOO
23002,"현재 정치, 기업, 금융계를 장악하고 있는 엘리트들은 대부분 영국 유학파이기 때문에 한문과 만다린을 쓸 줄 모른다.",OOOBIOOBIOOBIOOOBIOOOOOOBIIOOOBIIOBIOBIOOOOOOOOBIOOBIIOOOOOOOOOO
409,"정부는 한자 병용 따위 시대착오적인 뒷걸음질을 이제라도 바로잡고, 바른 어문정책을 펴나가야 할 책임이 크다.",BIOOBIOBIOOOOBIIIOOOBIIOOOBIOOOOOOOOOOOOBIOOOOOOOOOOOBIOOOOO
74785,또한 국회의 國政監査權이 사라지는 등 정부 감시기능이 대폭 축소되어 不正腐敗의 가능성은 증폭되었고 사회통제는 강고해졌다.,OOOBIOOOOOOOOOOOOOOOOBIOBIOOOOOOOBIOOOOOOOOOBIOOOBIOOOOBIOOOOOOOOOO
12073,"이러한 원리를 이용한 것으로 수지침(약 1㎜만찌름), 서암뜸(온열자극), 압봉(금속돌기 압박자극), 전자빔(간접자극) 압박자극 등이 있다.",OOOOBIOOBIOOOOOOBIIOOOOOOOOOOOBIIOOOOOOOOBIIOOOOOBIOOOOOBIIOOOOOOOBIOOOOOOOOO
7364,신해통공(辛亥通共)을 통하여 육의전(六矣廛) 이외의 시전에게서 금난전권을 박탈함으로써 노론의 정치자금원을 차단하고 자파의 정치자금을 확보하는 데 성공하였다.,BIIIOOOOOOOOOOOOBIIOOOOOOBIOOBIOOOOBIIIOOBIOOOOOBIOOBIIOOOOBIOOOBIOOBIOOOOBIOOOOOBIOOOO
37940,양심불량이구만.,BIOOOOOO
29805,그러나 소비자들의 반발을 두려워하여 아직 이 효모를 사용하는 회사는 없다.,OOOOBIIOOOBIOOOOOOOOOOOOOBIOOBIOOOBIOOOOO
69119,"""재고의 필요성이라니요.",OBIOOBIOOOOOO
50971,그런데 빼떼기는 덩치가 커지면서 자꾸 사립문 밖으로 나가려 했다.,OOOOBIIOOBIOOOOOOOOOOBIIOBOOOOOOOOOO
49472,자리가 엄청 불편하죠?,BIOOOOOBIOOO
46079,돈으로 물든 숙달된 모델들이다.,BOOOOOOBIOOBIOOOO
14623,서연은 한동안 수화기에 송송송 뚫린 구멍을 맹하니 들여다보았다.,BIOOBIIOBIIOOOOOOOOOBIOOOOOOOOOOOOO
57170,새 발명품 중에 물을 길어 올리는 기계가 있었습니다.,OOBIIOOOOBOOOOOOOOOBIOOOOOOOO
63287,한편 갈릴레오가 이 결론을 얻어낸 과정이 우리가 흔히 들어온 일화-갈릴레오가 Pisa의 탑 위에 올라가서 실제로 무게가 다른 물체를 떨어뜨려서 같이 떨어지는 것을 발견했다는-와 달리 이론적 사고에 의해서였다는 것을 주목할 필요가 있다.,BIOBIIIOOOOBIOOOOOOBIOOOOOOOOOOOOOBBIIIOOOOOOOOOOBOBOOOOOOOOOOOBIOOOOOBIOOOOOOOOOOOOOOOOOOOBIOOOOOOOOOBIOOBIOOOOOOOOOOOOBIOOBIOOOOO
6068,우리나라의 시·도에 해당되는 50개 주정부에는 주지사와는 별도로 교육행정을 전담하는 교육감이 있다.,BIIIOOBBOOOBIOOOOOOOBIOOOOBIOOOOBIOOBIOOOOBIOOOBIIOOOOO
55302,"보상은 팀보상과 개인보상의 적절한 균형을 유지하고, 승진의 경우 업무성과와 팀장으로서의 자질을 분리하여 평가할 필요가 있다.",BIOOBIOOOBIOOOOOOOOBIOOBIOOOOBIOOBIOBIOOOOBIOOOOOBIOOBIOOOBIOOBIOOOOO
12518,"그는 주장하기를 仁義道德은 사람이 사회생활을 영위하면서 그것의 필요성을 느끼어 인위적으로 설정한 것이지, 人間의 本性 자체 속에 그런 것이 처음부터 갖추어져 있는 것이 아니라 하였다.",OOOBIOOOOOOOOOOBIOOBIIIOOBIOOOOOOOOBIOOOOOOOBIOOOOBIOOOOOOOOOOOOOOBIOBOOOOOOOOBIOOOOOOOOOOOOOOOOOOOOOO
13701,"원래 태조의 향헌(鄕憲)에서부터 사주존경(士主尊敬)과 같은 대목이 있어 당시 지주 내지 양반 중심의 권익옹호를 위한 점도 없지 않으나 향약의 내용은 대부분 부모효양(父母孝養), 남녀유별(男女有別), 장유유서(長幼有序), 붕우유신(朋友有信), 족속통간(族俗通奸) 등 오륜적 가치규범의 향토생활에 입각한 세분 내지는 연장인 것이다.",BIOBIOOBIOOOOOOOOOBIIIOOOOOOOOOOOBIOOOOOBIOBIOOOOBIOBIOOBIOOOOOOOBOOOOOOOOOBIOOBIOOOOOOBIIIOOOOOOOOBIOOOOOOOOOOBIIIOOOOOOOOBIIIOOOOOOOOBIIIOOOOOOOOOBIOOBIOOOOBIOOOOBIOOBIOOOOOBIOOOOOO
18966,그렇다면 완전히 상이한 사용 가치를 가진 물건들의 효용은 어떤 기준으로 측정되어야 하는가?,OOOOOOOOOOOOOBIOBIOOOOOBIOOOBIOOOOOBIOOOBIOOOOOOOO
20392,"조선초만 해도 백성의 풍속은 남녀 모두가 자유로워서 사대부 집안의 부녀가 권문을 출입하거나 부녀가 길거리에서 구경하거나 사찰을 왕래하는데 제한이 없었으며, 남녀가 함께 냇가에서 목욕하는 일도 허다했다.",BIOOOOOOBIOOBIOOBIOBIOOBIOOOOBIIOBIOOBIOOBIOOBIOOOOBIOOBIIOOOBIOOOOBIOOBIOOOOBIOOOOOOOOBIOOOOOBIOOOBIOOOBOOOOOOO
61877,"남쪽 내부에서도,",BIOBIOOOO
74126,"""왜 그게 웃기는 소리라고 생각하세요.""",OOOOOOOOOOBIOOOBIOOOOO
32293,국회의원이라는 막중한 임무를 바로 수행할 만한 지식과 경륜을 갖추었는지를 따져 보아야 한다.,BIIIOOOOOOOOBIOOOOOBIOOOOOBIOOBIOOOOOOOOOOOOOOOOOOO
14759,다른 산업에 비해 특수하게 불리한 산업이다.,OOOBIOOOOOBIOOOOOOOBIOOO
19702,── 저는 현재 Y중학교에서 교편을 잡고 있는 교사입니다.,OOOOOOOOOOBIIOOOBIOOOOOOOOBIOOOO
5641,찾고 싶어요.,OOOOOOO
30576,길가에 쓰러져 있는 것을 지나던 사람이 업어서 집에까지 데려다 주었던 것이다.,BIOOOOOOOOOOOOOOOOBIOOOOOOBOOOOOOOOOOOOOOOO
33630,"그리고 시간제 가정교사를 하였는데, 한 친구는 지금 미국 L.A.에서 보석상으로 부자가 되었고 한 친구는 인천에서 교감을 하다가 장학사를 하고 있다.",OOOOBIOOBIIIOOOOOOOOOOBIOOOOOBIOOOOOOOOBIIOOOBIOOOOOOOOBIOOBIOOOBIOOOOOOBIIOOOOOOOO
47507,작가는 그저 자신이 관찰할 대상을 어떻게 하면 실감나게 표현할 수 있을까 하는 일에 신경을 집중시키고 있으면 좋은 묘사문을 찾아낼 수 있을 것이다.,BIOOOOOBIOOBIOOBIOOOOOOOOOBIOOOBIOOOOOOOOOOOBOOBIOOBIOOOOOOOOOOOBIOOOOOOOOOOOOOOOO
49485,"소음이 있다고 해서, 듣기를 포기하기보다는 더욱 정신을 집중하여 듣는 훈련이 필요하다.",BIOOOOOOOOOOOOOOBIOOOOOOOOOBIOOBIOOOOOOBIOOBIOOO
70982,돈 좀 있다고 유세하는 건지 뭔지….,BOOOOOOOBIOOOOOOOOOO
68173,"몇 줄 만들고 뜯어고치고 그리고 다시 뜯어고치고, 그 과정을 거치는 데 시간이 오래 걸린다.",OOBOOOOOOOOOOOOOOOOOOOOOOOOOOOBIOOOOOOOOBIOOOOOOOOO
70172,이제 정부의 단호한 ‘개혁’을 두고 항간에서는 ‘혁명’이라고까지 말한다.,OOOBIOOOOOOOBIOOOOOOBIOOOOOBIOOOOOOOBOOO
7592,"""죽음이여, 거들먹대지 말라!""",OBIOOOOOOOOOOOOOO
74096,"통증은 한 곳 혹은 여러 곳에서 나타날 수 있으며 흔히 쑤시고, 쥐어짜듯이, 타는 듯이 그리고 쇼크처럼 온다.",BIOOOOBOOOOOOOBOOOOOOOOOOOOOOOOOOOOOOOOOOOOOOOOOOOOOOBIOOOOOO
66019,두 문장은 사실상 동일한 내용을 담고 있다.,OOBIOOBIOOOOOOBIOOOOOOOO
21750,만일 절제할 수 없거든 혼인하라.,BIOBIOOOOOOOOBIOOO
42824,"""바깥 세상이 보이지 않는다구?"" 이씨가 전혀 다른 상념에 사로잡힌 사람처럼 멍하니 되물었다.",OBIOBIOOOOOOOOOOOOOBOOOOOOOOOBIOOOOOOOBIOOOOOOOOOOOO
27107,"정월대보름에는 오곡밥과 약밥, 음력 4월에는 찹쌀가루를 반죽한 화전, 5월 단오에는 수리취떡, 8월 한가위에는 햅쌀밥과 떡, 신도주 등을 만들어 먹었다.",BIIOOOOOBIIOOBIOOBIOOOOOOBIIIOOBIOOBIOOOOOBIOOOBIIIOOOOOBIIOOOBIIOOBOOBIIOOOOOOOOOOOO
9872,이와 관련해 전씨와 이회성씨가 만난 이유와 이 후보 아들 정연씨의 신검부표 파기시점 등 몇가지 쟁점이 다시 등장하고 있다.,OOOBIOOBOOOBIIOOOOOOBIOOOOBIOBIOBIOOOBIIIOBIOOOOOOOOOBIOOOOOBIOOOOOO
41079,그깟 도둑놈들의 말 따위에 눈 하나 깜짝할 줄 알고!,OOOBIIOOOBOOOOOBOOOOOOOOOOOOO
22924,카드가 그냥 저절로 날라왔더라?,BIOOOOOOOOOOOOOOO
74462,그럼 아예 외출해도 안 돼요?,OOOOOOBIOOOOOOOO
56572,"원터부락 미륵당으로부터 간선도로를 따라 남쪽으로 약 500ｍ 지점에 고속도로로부터 약 10ｍ 떨어져 동서 450㎝, 남북 500㎝, 높이 150㎝의 괴석이 있는데, 바닥이 비교적 평탄하여 받침돌이 없는 무지석식 지석묘이다.",BIOOOBIIOOOOOBIOOOOOOOBIOOOOOOOOOOBIOOBIIIOOOOOOOOOOOOOOBIOOOOOOOBIOOOOOOOBIOOOOOOOBIOOOOOOOBIOOBIOOBIOOOBIIOOOOOOBIIOBIIOOO
6759,"민주당이 6.13 지방선거에서 참패한 뒤 그 책임 소재를 둘러싸고 논란을 벌이고 있는 가운데, 서울시장 선거에서 떨어진 김민석 전 의원이 유일하게 ""내 탓이오""를 선언하고 나서 눈길을 끌었다.",BIIOOOOOOOBIOOOOOBIOOBOOOBIOBIOOOOOOOBIOOOOOOOOOBIIOOBIOOOBIOOOOOOOBIIOOOBIOOBIOOOOOOBOOOOOBIOOOOOOBIOOOOOO
50353,상사가 부하에게 하는 지시도 마찬가지다.,BIOOBIOOOOOOBIOOBIIIOO
44436,그의 침대를 빼앗은 그녀는 새근새근 잘도 잤지만 그는 오래도록 잠들 수 없었다.,OOOBIOOOOOOOOOOOOOOOOOOOOOOOOOOOOOOOOOOOOOOO
14070,선생님이 제 손을 잡고 등대까지 걸어간 그때 말인가요?,BIOOOOOBOOOOOBIOOOOOOOBIOBOOOO
7666,고속정은 교전 직후 다른 고속정에 의해 예인되던 도중 침몰했다고 군당국은 밝혔다.,BIIOOBIOBIOOOOBIIOOOOOBIOOOBIOBIOOOOBIOOOOOOO
44916,이와 아울러 대학은 대학생만으로 이루어진 제도도 아니고 사회에서 완전히 절연된 상아탑만도 아니기 때문에 대학신문은 대학생만을 소구대상으로 하는 '대학생언론'보다는 대학 구성원 모두를 포괄하는 대학공동체를 위한 진정한 의미의 '대학신문'을 지향해야 할 것이다.,OOOOOOOBIOOBIOOOOOOOOOOBIOOOOOOBIOOOOOOOBIOOBIIOOOOOOOOOOOBIOOOOBIOOOOBIOOOOOOOOOBIOOOOOOOOBIOBIIOBIOOBIOOOBIIOOOOOOOOOOOBIOOBIIOOOOOBIOOOOOOOOO
44306,"""형식에서 감추어진 영혼의 내용을 읽는다""고 할 때 그 형식은 물론 이중적(장르적 성격)인 그것이다.",OBIOOOOOOOOBIOOBIOOOOOOOOOOBOOOBIOOOOOBIBIOOOOBIOOOOOOOO
3504,정작 주인은 쪼그린 채 불편한 잠을 자는데 그 자리를 강탈하다니.,BIOBIOOOOOOOOBIOOBOOOOOOOOBIOOBIOOOO
55344,오늘은 어버이날이라고 아침부터 일찍 일어나서 어머니를 도와 드리려고 마음먹고 어제 저녁엔 일찍 잤다.,BIOOBIIIOOOOBIOOOOOOOOOOOBIIOOOOOOOOOOOOOOOBIOBIOOOOOOOO
20754,하나 물어 볼게.,OOOOOOOOO
72594,목자의 막대기에 따라 우르르 몰려다니는 유순한 양떼를 사육하는 곳도 아니며 말 잘 듣고 공부 잘 하는 착한 학생만 만드는 곳도 아니다.,BIOOBIIOOOOOOOOOOOOOOOOOOOBOOOBIOOOBOOOOOOBOOOOOOBIOOOOOOOOOBIOOOOOOBOOOOOO
63509,"그때의 감성적인 이미지로부터 극단적인 자기 부정을 거치지 않고 철저히 깨지지 못함과, 보다 성숙한 소통의 광장을 향해 현실과 우둔의 벽들을 뚫고 나가지 못함이 가슴이 무너질 듯 아픈 것이다.",BIOOBIOOOBIIOOOOBIOOOOOOBIOOOOOOOOOOOOOOOOOOOOOOOOOBIOOBIOOBIOOOOOBIOOBIOOBOOOOOOOOOOOOOOBIOOOOOOOOOOOOOOO
56990,아 이거 헤리티지 사천이지.,OOOOOBIIIOOOOOO
74843,그 또한 비상한 호기심에 이끌려 걸음을 재촉했다.,OOOOOBIOOBIIOOOOOOBIOOBIOOO
31155,"이들의 판단이 얼마만큼 정확한가, 시기는 적절한가 등에 따라 경제는 활짝 피기도 하고 시들기도 한다.",OOOOBIOOBIOOOBIOOOOBIOOOOOOOOOOOOOBIOOOOOOOOOOOOOOOOOOOO
24256,"""그런데 모시고 있는 상전의 택호는 뉘시우? """,OOOOOOOOOOOOBIOOBIOOOOOOOO
60790,"유니폼을 잡고 늘어졌는데 계속적으로 그걸 보고 있어요,",BIIOOOOOOOOOOOBIOOOOOOOOOOOOOO
52266,지금 현재 한 한 가지 알려진 문제점은?,BIOBIOOOOOOOOOOOOBIIOO
69983,하지만 제 보기에는 아마 서하총 묘도의 남쪽인 것 같아요.,OOOOOOOOOOOOOOBIIOBIOOBIOOOOOOOO
1208,그러나 우리의 경험상 이와 같은 효과가 바로 구현되지 않고 오히려 반대 현상이 나타나는 것으로 보고되었다.,OOOOOOOOBIOOOOOOOOBIOOOOOBIOOOOOOOOOOBIOBIOOOOOOOOOOOBIOOOO
70318,'시마스터'는 신사복에 어울리는 품위있는 디자인이면서도 격렬한 액션에 적합한 튼튼하고 강력한 스포츠 시계.,OBIIIOOOBIIOOOOOOOBIOOOBIIOOOOOOOOOBIOOBIOOOOOOOOOOOBIIOBIO
5509,안양지역 동화구연 연구회가 제2기 동화구연강좌를 마련한다.,BIOOOBIOOOBIIOOOOBOBIOOOOOOBIOOO
36224,"난 당간부를 따라 북으로 후퇴하란 명령을 받았소.""",OOBIOOOOOOBOOOBIOOOBIOOOOOOO
48391,"아냐 나두 했어,",OOOOOOOOO
19590,"최고회의의 이 같은 결정은 레오니트 크라프추크 대통령이 대의원들에게 STARTⅠ 비준을 촉구하면서 그렇지 않을 경우, 우크라이나가 국제적으로 고립될 것이라고 경고한 뒤 나온 것이다.",BIOOOOOOOOOBIOOBIIIOBIIIIOBIIOOBIIOOOOOOOOOOOBIOOBIOOOOOOOOOOOBIOOBIIIIOOBIOOOOBIOOOOOOOBIOOBOOOOOOOO
32462,국제 연합 분담금 국제 연합의 경비를 가맹국이 부담하는 금액.,OOOBIOBIIOOOOBIOOBIOOBIIOOBIOOOBIO
26178,"여자는 손이 크면 정말 보기 싫어.""",BIOOBOOOOOOOOOOOOOOO
22840,어~ 이제부터 여러분이 감상하실 영화는 피아노맨입니다.,OOOBIOOOOOOOOBIOOOBIOOBIIIOOOO
19430,"""야, 하필이면 왜 여자를 추천하냐? 난 현수를 추천할래.",OOOOOOOOOOOBIOOBIOOOOOOBIOOBIOOO
64212,차지하고 있다.,BIOOOOOO
31848,미안감을 갖지 않는 것은 아니었지만 그런것이 어디 대수로운 일인가.,BIIOOOOOOOOOOOOOOOOOOOOOOOOOBIOOOBOOO
7431,맨마지막에 걸어 나오는 수혜를 돌아보며 정혜가 눈꼬리를 치켜 올렸다.,OBIIOOOOOOOOOBIOOOOOOOBIOOBIIOOOOOOOOO
64403,그리구 오른쪽두 한 번 해 볼까요?,OOOOBIIOOOOOOOOOOOO
1609,"내일 비 오면 안 되는데,",OOOBOOOOOOOOOO
42171,그러나 그린 벨트의 가치를 공기나 물처럼 경제적으로 환산하기 어려운 효과나 기능까지 감안한다면 가치가 막대한 것이다.,OOOOBIOBIOOBIOOBIOOBOOOBIOOOOBIOOOOOOOBIOOBIOOOBIOOOOBIOOOOOOOOOO
67197,"일종의 축제요, 숭고함이다.",BIOOBIOOOOOOOOO
68793,다른 다방이 또 있는 것도 아니니까 손님이 크게 떨어지고 어쩌고 할 것은 아니지 않겠는가.,OOOBIOOOOOOOOOOOOOOOBOOOOOOOOOOOOOOOOOOOOOOOOOOOOO
5425,"""그런 소리 누구헌티 들었네? 그 급살맞일 과객이 그러담?""",OOOOBIOOOOOOOOOOOOOBIOOOBIOOOOOOO
41270,"""아저씨 ──!",OBIIOOOO
10201,오늘날 우리는 학교의 역사 교과서나 역사가들이 쓴 다양한 역사 서적을 통해 과거의 사건에 대한 지식을 얻는다.,BIOOOOOOBIOOBIOBIIOOBIIOOOOOOOOOBIOBIOOOOOBIOOBIOOOOOBIOOOOOO
28343,두 사람의 수작은 어쩐지 암호를 써가며 하는 수수께끼 같으나 누가 듣든지 반짐작은 할 것이다.,OOBIOOBIOOOOOOBIOOOOOOOOOBIIIOOOOOOOOOOOOBIOOOOOOOOO
10864,현대 사회 전체가 이 광고의 법칙에 의해서 움직이고 있지 않는가.,BIOBIOBIOOOOBIOOBIOOOOOOOOOOOOOOOOOO
37828,여러 가지 여건상 경월소주 지분을 인수하는 것이 유리했다는 주장이다.,OOOOOOBIOOBIIIOBIOOBIOOOOOOBIOOOOBIOOO
28541,"유복한 가정, 아름답고 전원적인 환경 속에서 시재를 마음껏 발휘할 수 있던 배릿의 소녀 시절은 행복했다.",OOOOBIOOOOOOOBIOOOBIOBOOOBIOOOOOOBIOOOOOOOBIOOBIOBIOOBIOOO
41364,"때로는 ""당신이 받는 돈이 우리가 낸 세금인데 무슨 말을 하는 것이냐.",OOOOOOOOOOOOBOOOOOOOOBIOOOOOOBOOOOOOOOO
49067,소희는 부모나 담임선생이 생각하듯이 장차의 현모양처로서 영특하고 얌전한 모범생만은 아니었다.,BIOOBIOOBIIIOOBIOOOOOOOOBIIIOOOOOOOOBIOOBIOOOOOOOOO
9542,그 다른 인류는 두 종류가 있었으며 결국은 모두 없어지고 말았다.,OOOOOBIOOOOBIOOOOOOOBIOOOOOOOOOOOOOO
43584,예를 들면 이런 거죠.,BOOOOOOOOOOO
21427,"""그것을 누구 코앞에 들이밀라고 허냐, 시방.",OOOOOOOOBIOOOOOOOOOOOOOOO
65625,배에서 뭐가 나올 거 같애.,BOOOOOOOOOOOOOO
72031,"살아선 죄인 취급을 받고, 죽어서는 성자聖者 대접을 받는 그 순서가 뒤바뀌었으면 좋겠다.",OOOOBIOBIOOOOOOOOOOOBIOOOBIOOOOOOOBIOOOOOOOOOOOOO
12157,충분한 관찰을 통해 주인새의 생활영역을 정확히 파악해야 한다.,OOOOBIOOOOOBIOOOBIOOOOOOOOBIOOOOOO
62728,품이는 웃음을 지었습니다.,BIOOBIOOOOOOOO
68209,"소비자물가는 일부 공공요금의 인하 등에 힘입어 상반기 중 2%대 중반의 상승률을 유지했지만 하반기에는 기업들이 쌓아둔 현금이 시설투자와 임금 인상 등을 통해 시중에 풀리고, 공공요금까지 인상될 가능성이 커 소비자물가 상승률은 3%대를 넘어설 것으로 보여 연간으로는 3.0%에 이를 것으로 전망됐다.",BIIOOOOBIOBIIIOOBIOOOOOOOOBIIOOOOOOOBIOOBIOOOBIOOOOBIIOOOBIOOOOOOOBIOOBIOOOOBIOBIOOOOOOOBIOOOOOOOBIIIOOOBIOOBIOOOOOBIIOOOBIOOOOOBOOOOOOOOOOOOOBIOOOOOOOOOOOOOOOOOBIOOO
65840,민주당의 일부 중부권 출신 의원들은 盧후보의 이념적 성향에 동조할 수 없다고 공공연히 말해왔다.,BIIOOBIOBIOOBIOBIOOOOBIOOBIOOBIOOBIOOOOOOOOOOOOOBOOOO
66665,간에 커다란 종양이 생긴 어느 환자를 대상으로 그의 간을 70%정도 제거하는 수술을 했더니 절제하지 않은 부분이 점점 자라나 6개월 후에는 원래의 크기대로 원래의 기능을 다 하도록 재생되어 있었다.,BOOOOOOBIOOOOOOOOBIOOBIOOOOOOBOOOOOBIOBIOOOBIOOOOOOBIOOOOOOBIOOOOOOOOOOOOOBOOOBIOOBIOOOBIOOBIOOOOOOOOBIOOOOOOO
74935,그 여자가 아닌 다른 여자와는 아이를 만들지 않기 위해 남편이 수술까지 했으리라고는 상상하지 못했어.,OOBIOOOOOOOOBIOOOBIOOOOOOOOOOOOBIOOBIOOOOOOOOOOBIOOOOOOO
9602,"현재 토지개발공사가 공급하는 단독 택지는 분당에 4백 84필지, 일산에 7백 57필지, 평촌에 3백 19필지 등이며, 필지 면적은 분당이 52∼74평, 일산 59∼1백 13평, 평촌 62∼99평 등이다.",OOOBIIIIIOOBIOOOBIOBIOOBIOOOOOOOOOOOBIOOOOOOOOOOOBIOOOOOOOOOOOOOOOBIOBIOOBIOOOOOOOOOOBIOOOOOOOOOOOOBIOOOOOOOOOOOO
26144,"안 그러니? 영락없는 도나 리드냐.""",OOOOOOOOOOOOBIOBIOOO
6560,그러나 그는 74년에 발표한 장편 '보호주의자'로 이미 세계적 명성을 얻고 있었다.,OOOOOOOOOOOOBIOOBIOOBIIIIOOOOOOBIOOBIOOOOOOOOO
11167,새로운 도약을 위해서는 교육 개혁이 불가피하다는 요즘의 분위기에 비춰보면 시의적절한 주제인 셈이다.,OOOOBIOOOOOOOBIOBIOOOOOOOOOBIOOBIIOOOOOOOBIOOOOBIOOOOOO
2553,에.,OO
18815,"그런데 몇 해 전에 방학을 맞아 집에 갔을 때, 그 우물은 완전히 막혀 있었다.",OOOOOOBOBOOBIOOOOOBOOOOOBOOOOBIOOOOOOOOOOOOO
35593,이러한 계산패는 나중에 주판의 모태가 되고 계산의 기계화의 시초가 된다.,OOOOBIOOOBIOOBIOOBIOOOOOBIOOBIOOOBIOOOOO
69855,여행하면서 여러번 느끼는 것이지만 미술관은 바로 그 나라의 문화척도라는 것이다.,BIOOOOOOOOOOOOOOOOOBIIOOOOOOOBIOOBIOOOOOOOOO
62337,첫째 어머니는 이서방인 줄 알고 일어났으나 첫째 음성임에 대답도 하지 않고 도로 누워버렸다.,OOOBIIOOBIOOOOOOOOOOOOOOOOOBIOOOBIOOOOOOOOOOOOOOOOO
49750,"나 여기 서 있을게.""",OOOOOOOOOOOO
25582,"이:: 크림 포테이토를 굳이 쓸 거라면,",OOOOBIOBIIIOOOOOOOOOOO
56215,혜경이는 춘향전을 말할 때 웃어제끼던 그런 당찬 웃음을 터트렸다.,BIIOOBIIOOBOOBOOOOOOOOOOOOOBIOOOOOOO
44710,아저씨는 구둣끈을 매면서 명령을 했다.,BIIOOBIIOOOOOOBIOOOOO
25514,아내는 꼭 딸을 낳기로 결심한 사람처럼 보였다.,BIOOOOBOOOOOOBIOOBIOOOOOOO
34103,그 날 저녁 각기 자기집에 가서 아내를 설득하였습니다.,OOBOBIOOOOOOBOOOOOBIOOBIOOOOOO
71342,그러나 이 무덤은 철저히 도굴되고 파괴되어 그 형체를 알아보기 어려울 정도이다.,OOOOOOBIOOOOOOBIOOOBIOOOOOBIOOOOOOOOOOOBIOOO
40373,우리나라에서 상영되는 외화 가운데 미국 메이저 회사들의 직배 영화가 관객의 50% 이상을 동원한다.,BIIIOOOBIOOOBIOBIIOBIOBIIOBIOOOBIOBIOOBIOOOOOOBIOOBIOOO
6578,"안 올라왔어요 도서관에,",OOOOOOOOBIIOO
71787,분산을 구하라.,BIOOOOOO
27569,오종종한 키에 땀구멍이 큰 피부를 가진 이 여자는 취업난이 이렇게 무서운 줄 몰랐던 것이다.,OOOOOBOOBIIOOOOBIOOOOOOOBIOOBIOOOOOOOOOOOOOOOOOOOOO
69209,"아주심기를 할 자리에는 밑거름으로, 130평짜리 비닐 하우스 두 채를 기준으로 할 때에, 줄잡아 닭똥 두 톤 반과 복합비료 스무 포대쯤을 넣는다.",BIIIOOOOBIOOOBIIOOOOOOOOOOOBIOBIIOOOOOOBIOOOOOBOOOOOOOBIOOOBOBOOBIOOOOOOBIOOOOOOO
71573,노래를 다 듣고 난 탁선생은 무릎을 치면서 훌륭하다고 감탄을 연발했다.,BIOOOOOOOOOBIOOOBIOOOOOOOOOOOOBIOOBIOOO
26304,개에 관해서 쑤군거릴 때의 그 활기에 넘치던 표정은 이제 찾아볼 수가 없었다.,BOOOOOOOOOOOBOOOOBIOOOOOOBIOOOOOOOOOOOOOOOO
13103,"따라서 동북아시아의 기마민족은 상복(常服), 조복, 제복에 백의를 착용하였다.",OOOOBIIIIOOBIOOOOBIOOOOOOBIOOBIOOBIOOBIOOOO
42591,金의 출생지를 백두산밀영으로 조작 한다거나 항일투쟁 기록이 새겨져 있다는 이른바 「구호나무」 발굴사업을 벌이는 것도 마찬가지 맥락이다.,OOOBIIOOBIIOOOOOBIOOOOOOBIOOOBIOOOOOOOOOOOOOOBIIOOOOBIOOOOOOOOOOOBIIIOBIOOO
3990,"""이거…….""",OOOOOOO
50481,"허균은 스승 이달이 자신의 시를 평하여 근체시는 성당시(盛唐詩)와는 관계가 없지만, 고시는 남조(南朝)의 문장가인 안연지(顔延之)와 사령운(謝靈運)의 풍격이 있다고 하자 수긍하지 않는다.",BIOOBIOBIOOBIOOBOOBOOOBIIOOBIOOOOOOOOOBIOOOOOOOBIOOBIOOOOOOBIIOOBIIOOOOOOOBIIOOOOOOOBIOOOOOOOOOBIOOOOOOO
68989,빨리 빨리 끝내 놔야지.,OOOOOOBOOOOOO
49939,다른 어떤 일보다 소설 쓰는 일이 나를 즐겁게 했던 것이다.,OOOOOOBOOOBIOOOOBOOOOOOOOOOOOOOOO
33504,"지난 1분기는 매출 9조9300억원, 당기순이익 1조9000억원이었다.",OOOOBIOOBIOOOOOOOOOOOBIIOOOOOOOOOOOOOOO
33719,이하라는 매우 짧은 주기로 변동하고 있으며 매우 작은 천체가 X선원이라는 것을 보여 주고 있었다.,BIOOOOOOOOOBIOOBIOOOOOOOOOOOOOBIOOOBIOOOOOOOOOOOOOOOOO
69540,"자기가 오빠한테,",OOOOBIOOO
33689,"임상적으로 감별이 필요한 경우로는 실신, 심부정맥, 저혈당, 편두통, 공황 발작, 발작성 수면, 히스테리성 발작, 사병, 일과성 허혈 발작 등이 있으며 그 중 감별이 어려운 대표적인 경우는 실신, 일과성 허혈 발작 혹은 심인성 장애 등이다.",BIOOOOBIOOBIOOBIOOOBIOOBIOOOOOBIOOBIIOOBIOBIOOBIOOBIOOBIIIOOBIOOBIOOBIOOBIOBIOOOOOOOOOOOOBIOOOOOOBIOOOBIOOBIOOBIOOBIOBIOOOOBIOOBIOOOOO
39476,그러면 난의 '우량아'는 어떻게 선택해야 할까.,OOOOBOOOBIIOOOOOOOBIOOOOOO
36986,"뷰 포인트가 있는지를::,",BOBIIOOOOOOOOO
72859,5세기 중반경에 해당하는 것으로 길이가 210m나 되는 것이었다.,OBIOBIOOOBIOOOOOOOBIOOOOOOOOOOOOOOOO
53686,"""그건 당신 말이 백 번 옳아.",OOOOOOOBOOOOOOOOO
34719,"일기도 일기지만, 이건 항공사 측에서 너무 무성의하게 일을 처리한 게 아닌가요? 그리고 지금 내가 아는 호텔은 모두 차서 방이 없어요.",BIOOBIOOOOOOOBIIOOOOOOOOOBIOOOBOOBIOOOOOOOOOOOOOOOOOOOOOOOBIOOOOOOOOBOOOOOO
67241,오늘은 눈 딱 감고 현장 사무소를 찾아 들어가야 한다는 생각을 마음속에 다지면서 몸을 뒤척거렸다.,BIOOBOOOOOOBIOBIIOOOOOOOOOOOOOOBIOOBIIOOOOOOOBOOOOOOOO
51144,그들이 자기 쪽을 바라보기만 해도 턱이 덜덜 떨렸다.,OOOOOOOOOOOOOOOOOOOBOOOOOOOOO
74498,예컨대 조선왕조는 500년의 긴 시간 속에서 여러 사회변혁이 일어났고 건축은 이러한 변혁을 그 어떠한 형태로든 수용하는 것임을 생각할 때 왕조중심의 시대구분이 가지는 문제점을 알 수 있는 것이다.,OOOOBIOOOOOOOOOOOOBIOBOOOOOOBIOOOOOOOOOBIOOOOOOBIOOOOOOOOBIOOOBIOOOOOOOBIOOBOBIOOOOBIOOOOOOOOBIIOOOOOOOOOOOOO
59399,오늘 박지성 선수는 인제 오른쪽에서 주로 활약할 것 같네요.,OOOBIIOBIOOOOOBIIOOOOOOBIOOOOOOOO
50257,"앞에서 차가 오면은 항상 요기에 끼어드는 거에요,",BOOOBOOOOOOOOOOOOOOOOOOOOOO
8976,다만 성사가 안 될 경우에 대해 신경을 쓰기 때문에 쉬쉬하며 은밀히 교신이 되는 관계로 잘 드러나지 않는 특징이 있다.,OOOBIOOOOOOBIOOOOOBIOOOOOOOOOOOOOOOOOOBIOOOOOBIOOOOOOOOOOOOBIOOOOO
20616,닮았냐?,OOOO
26055,그래서 현대에 들어오면 미는 아예 완전히 주관화하기 시작한다.,OOOOBIOOOOOOOBOOOOOOOOOBIOOOOBIOOO
35940,"""왜 그러시죠? 이분이 경찰에 맞았다는 분인데…"" 간호원이 생긋 웃으며 말했다.",OOOOOOOOOOOOOBIOOOOOOOOOOOOOBIIOOOOOOOOOBOOO
46899,"오빠는 이미 죽은 것이니까 제사를 지내야 한다고, 우리가 앞에서 인용한 (B) 대목은 할머니가 결단을 보이는 대목에 해당된다.",BIOOOOOOOOOOOOOBIOOOOOOOOOOOOOOOBOOOBIOOOOOOBIOOBIIOOBIOOOOOOBIOOBIOOO
72192,박완서는 어느 문학상을 심사하는 자리에서 신경숙의 소설을 두고 다음과 같은 평을 한 적이 있다.,BIIOOOOOBIIOOBIOOOBIOOOBIIOOBIOOOOOBIOOOOOBOOOOOOOOOO
13552,나를 만나러 온 사람은 낯선 젊은 여자였다.,OOOOOOOOOBIOOOOOOOOBIOOO
36147,바람의 강약도 조절해야 하고 바람을 좌우로 돌리기도 해야 하며 또 시간예약도 해야 한다.,BIOOBIOOBIOOOOOOBIOOBIOOOOOOOOOOOOOOOBIOOOOOOOOOO
49014,악몽과 같은 전쟁이 끝났다.,BIOOOOOBIOOOOOO
61717,누나들은 살짝살짝 눈짓을 하면서 이 노래에 귀를 기울였다.,BIOOOOOOOOBIOOOOOOOOBIOOBOOOOOOO
74526,한편 제천군 한수면 사기리에 위치한 창내 막집유적은 3～4명의 사람들이 당김돌을 이용해 약 10× 10m의 사냥용막집을 지었던 것이라 한다.,OOOBIIOBIIOBIIOOBIOOBIOBIOOOOOOOOOOBIOOOOOBOOBIOOOOOOOOOOOOOBBIOOOOOOOOOOOOOOO
2620,미래 사회에는 인간활동의 대부분이 컴퓨터를 매개로 하게 된다.,BIOBIOOOBIOOOOBIIOOBIIOOBIOOOOOOOO
64514,한참을 그대로 앉아 있던 그는 개의 몸을 두 손으로 들어올려 어깨에 둘러멨다.,BIOOOOOOOOOOOOOOOBOOBOOOOBOOOOOOOOBIOOOOOOO
53104,예를 들어서 GM은 「공공관계 분야의 발전에 관한 보고」(Report on Progress in Areas of Public Concern)라는 제목으로 작성한 보고서를 매 해년 발표하고 있다.,BOOOOOOOOOOBIIOOOBIOOBIOOOOOBIOOOOOOOOOOOOOOOOOOOOOOOOOOOOOOOOOOOOOOOOOOOOOOOOOOOBIOOOBIOOBIIOOOOBIOBIOOOOOO
2179,그는 혁신적인 실천을 통하여 선종을 중심으로 한 교선의 통합을 시도하여 정혜쌍수(定慧雙修)를 주장하였다.,OOOBIOOOBIOOOOOOBIOOBIOOOOOBIOOBIOOBIOOOBIIIOOOOOOOOBIOOOO
31724,그녀의 그런 특성은 훗날 그녀가 학생대표로 당선되는 데 큰 영향을 미쳤다.,OOOOOOOBIOOBIOOOOOBIOOOOBIOOOOOOOBIOOOOOO
74033,너두 생각해 봐라.,OOOBIOOOOO
28180,"역사가 놓여지고 철로가 부설되는 동안에 할아버지의 물심양면의 노고는 이후로도 대단한 빈축거리가 되었지마는 일본인들을 감동시키기에 충분했고, 그 감동의 결과로 개통식 때 참석한 관리가 금송을 두그루 주었다.",BIOOOOOOOBIOOBIOOOBIOOBIIIOOBIIIOOBIOOBIOOOOOOOBIOOOOOOOOOOBIIOOOBIOOOOOOOOOOOOOBIOOBIOOBIIOBOBIOOBIOOBIOOOOOOOOOO
2019,그렇게 잘 되지 않기 때문에 사람은 노력을 하는 것이다.,OOOOOOOOOOOOOOOOBIOOBIOOOOOOOOO
60215,그러나 작가가 도달한 하나의 결론은 명확하다.,OOOOBIOOBIOOOOOOBIOOOOOOO
39396,곧 나올 거야.,OOOOOOOO
36245,"1750 년에 라 보에세레가 철망으로 된 마스크를 만들고, 검 끝에 단추를 달도록 하여 사고를 막을 수 있게 되자, 펜싱은 스포츠로 널리 보급되기에 이르렀다.",OOOOOOOOBOBIIIOOBIOOOOOBIIOOOOOOOBOBOOBIOOOOOOOOOBIOOOOOOOOOOOOOOBIOOBIIOOOOOBIOOOOOOOOO
24892,"왜 벌써 잊으셨소, 처음 만났을 당시의 일을?」",OOOOOOOOOOOBIOOOOOBIOOBOOO
33645,나라의 돈과 곡식의 출납 및 회계를 맡아 보던 관청으로 조선 초까지 이어지다가 호조에 합쳐졌다.,BIOOBOOBIOOBIOOOBIOOOOOOOOBIOOOBIOOOOOOOOOOOBIOOOOOOO
4529,(어른의 문제)는 자칫 심각해질 수 있는 소재를 매우 경쾌하게 풀어낸다.,OBIOOBIOOOOOOOOOOOOOOOOBIOOOOOOOOOOOOOOO
38759,일본의 만화가 오늘에 이르게 된 출발점은 1968년.,BIOOBIOOBIOOOOOOOOBIIOOOOOOOO
9943,이번 '칼더의 축제'전의 큰 특징 중 하나는 관람객들이 참여하는 전시회로 만들어졌다는 점.,BIOOBIOOBBOOOOOOBIOOOOOOOBIIOOOBIOOOBIIOOOOOOOOOBO
23584,"만약 우리가 옛날의 통치 방법으로 오늘날의 민중을 다스리려 한다면, 우리는 이 농부와 똑같은 웃음거리가 되는 것이다.",BIOOOOOBIOOBIOBIOOOBIIOOBIOOOOOOOOOOOOOOOOOOBIOOOOOOBIIIOOOOOOOOO
52108,어쩌면 나는 경멸당해 마땅한 자였다.,OOOOOOOBIOOOOOOOOOOO
19533,"호호호""",OOOO
16087,"""레코드가게에서 월급을 줄까?""",BIIIOOOOOBIOOOOOO
19491,"일본 정부는 NAFTA가 유럽공동체(EC)를 상회하는 무역권이라는 점을 감안, '북태평양 경제포럼'의 창설을 통해 일본의 통상이 이들 무역권 국가로부터 차별을 받은 일이 없도록 한다는 방침을 세워 놓고 있다.",BIOBIOOOOOOOOOBIIIIOOOOOOBIOOOBIOOOOOBOOBIOOOBIIIOBIOOOOOBIOOOOOBIOOBIOOOOOBIOOBIOOOOBIOOOOOBOOOOOOOOOOBIOOOOOOOOOOO
3933,"자신을 위해 죽은 안토니 때문인지, 아니면 옥타비아누스가 유혹에 넘어올 타입의 남자가 아니라고 생각한 탓인지 알 수 없지만 그녀는 죽음을 택했습니다.",BIOOOOOOOOBIIOOOOOOOOOOOBIIIIIOOBIOOOOOOBIOOBIOOOOOOOBIOOBOOOOOOOOOOOOOOOBIOOOOOOOO
26202,"""어거지라도 입을 벌리고 젖을 떨구어라.""",OBIIOOOBOOOOOOBOOOOOOOO
61834,"첫째, 아우렐라아노 부엔디아가 벌이는 끊임없는 내전은 국민을 위하거나 어떤 열정 때문이 아닌 저주 받을 자존심 때문이라고 한 우르슬과 아마 타의 말은 지금 남아메리카의 사정이 지도층의 부패와 어리석음으로 비롯되었음을 시사하고 있다.",OOOOBIIIIIOBIIIOOOOOOOOOOOBIOOBIOOOOOOOOOOBIOOOOOOOOBIOOOOBIIOOOOOOOOOBIIOOOOOBOOBOOOOOBIIIIOOBIOOBIOOOBIOOOOOOOOOOOOOOOOBIOOOOOO
710,그 하숙집은 아줌마 혼자 있었다.,OOBIIOOBIIOOOOOOOO
9276,이러한 자격단계는 교사들로 하여금 교직생애의 최종목표를 교장이 되는 데 두도록 제도적으로 강요하고 있는 셈이다.,OOOOBIOOOOBIOOOOOOOBIOOOOBIOOOOBIOOOOOOOOOOOBIOOOOBIOOOOOOOOOO
418,…군이 스스로의 결단으로 장병들의 民主意識 高揚을 위한 진지한 쇄신의 기풍을 일으킬 것을 바라고자 한다.,OBOOBIIOOBIOOOBIOOOOOOOOOOOOOOOOOOOBIOOBIOOOOOOOOOOOOOOOOO
64113,그리고 건넌방을 흘금흘금 내다보는 것을 보아 건넌방 미인이 오늘은 집에 있는 것을 짐작할 수가 있었다.,OOOOBIIOOOOOOOOOOOOOOOOOOBIIOBIOOBIOOBOOOOOOOOBIOOOOOOOOO
71026,대국의 맛을 느끼는 듯하였다.,BIOOBOOOOOOOOOOO
24385,서울서는 이런 개울물을 보지 못하기나 한 듯이.,BIOOOOOOBIIOOOOOOOOOOOOOOO
37497,미개 사회에서는 오늘날도 무구로 쓰이고 있다.,BIOBIOOOOBIOOOBIOOOOOOOOO
43542,이렇게 되도록 신문사들은 증면경쟁에 여념이 없어 제지업계의 신문용지대 인상에 효과적으로 대처하지 못했다.,OOOOOOOOBIIOOOBIOOOOBIOOOOOBIIOOOBIIOOOBIOOBIOOOOBIOOOOOOO
35546,이 외에도 '잡는 어업'이 아니라 '기르는 어업'을 목표로 하는 해양 목장도 2000년이면 실용화될 것으로 보인다.,OOOOOOOOOOBIOOOOOOOOOOOOBIOOOBIOOOOOBIOBIOOOOOOOOOOBIOOOOOOOOOOO
18878,"따라서 화폐는 모든 사회에서 필요한 것은 아니며, 상품 교환이 행해지는 곳에서만 필요한 것이다.",OOOOBIOOOOOBIOOOBIOOOOOOOOOOBIOBIOOOOOOOBOOOOBIOOOOOO
46874,"문장의 기술양식은 대개 설명, 논증, 묘사, 서사 등으로 나눌 수 있다.",BIOOBIOOOOOOOBIOOBIOOBIOOBIOOOOOOOOOOOOO
59401,"또는 “조용한 호수에서 한가롭게 헤엄치는 한마리의 금붕어를 보았다”하는 식으로 원래 제시되었던 문장과 의미는 같으나, 문장의 구조는 변형된 형태로 흔히 인출된다.",OOOOOOOOBIOOOOOOOOOOOOOOOOOOBIIOOOOOOOOOOOOOBIOBIOOOOBIOOBIOOOOOOOBIOOBIOOBIOOBIOOOOOBIOOO
74312,장윤 씨는 잠시 생각 속에 빠져드는 듯했다.,BIOOOOOOOBIOBOOOOOOOOOOO
2065,교직사는 강당 서측터에 자리잡고 있다.,BIIOOBIOBIOOOBIOOOOOO
17398,"그러면 누가? 혹시 레몬 트리의, 그 어리고 처량한 입술의 정아가? 아니면 전혀 안면부지인 필부필녀 중의 하나가? 어떻게? 아, 그거야 뭐, 전화번호부만 뒤지면 좀벌레 같은 이름과 주소가 득실거리니… 아, 아, 헌데 왜 이렇게 머리가 빠개질 것 같지? … 누군가가, 보이지 않는 손이 뒷골을 후려친 것처럼.",OOOOOOOOOOOBIOBIOOOOOOOOOOOOOBIOOBIOOOOOOOOOOBIIIOOBIIIOOOOOOOOOOOOOOOOOOOOOOOOBIIIIOOOOOOBIIOOOOBIOOBIOOOOOOOOOOOOOOOOOOOOOOOOBIOOOOOOOOOOOOOOOOOOOOOOOOOOOBOOBIOOOOOOOOOO
14303,왜 피 뽑기 지도를 좀 일찍이 안 하고 벼가 다 여물어 갈 때야 이 야단인가?,OOBOOOOBIOOOOOOOOOOOOOBOOOOOOOOOOBOOOOBIOOO
41230,"얼마동안이냐면 27년 동안 머리가 하얗게 세도록 여자는 일 주일에 두번씩, 눈자위를 붉히며 편지를 씁니다.",BIOOOOOOOOOOBIOBIOOOOOOOOOOBIOOOOBIOOOOOOOBIIOOOOOOBIOOOOOO
74,난 네게 아무것도 강요하지 않아.,OOOOOBIIOOBIOOOOOO
15345,"착 달라붙는 사이클복에 가슴에는 무전기, 등에는 노란색 서류가방을 매단 젊은이들이 신기에 가까운 솜씨로 빌딩 숲을 누빈다.",OOOOOOOBIIIOOBIOOOBIIOOOOOOBIIOBIOOOOOOOBIIOOOBIOOOOOOBIOOBIOBOOOOOO
21053,그뿐만 아니라 여성의 참여나 성공을 '홍일점 문화'로 계속해서 특별하게 취급한다면 여성은 여전히 성공의 주인처럼 군림하는 남성들 속에 어쩌다 끼여 든 이방인처럼 성공 공포에 시달려야 할 것이다.,OOOOOOOOBIOOBIOOBIOOOBIIOBIOOOBIOOOOOOOOBIOOOOBIOOOOOOBIOOBIOOOBIOOOBIOOBOOOOOOOOOOOBIIOOOBIOBIOOOOOOOOOOOOO
11819,들은 적 있어.,OOOOOOOO
17070,다시 라이츠의 인용문을 본다.,OOOBIIOOBIIOOOOO
67325,인간 역시 마찬가지이다.,BIOOOOBIIIOOO
65092,"바로 그 점, 민중의 절대적 실체는 잡을 수 없다는 점 -- 여기에 착안해야 한다.",OOOOOOOOBIOOBIOOBIOOOOOOOOOOOOOOOOOOOOBIOOOOOO
35088,그런 사정을 알 길 없는 형기는 성호와 마주앉아 장기를 두고 있었다.,OOOBIOOOOBOOOOBIOOBIOOOOOOOBIOOOOOOOOO
14462,"청와대 주장대로라면 철저한 검증을 했으며, 일부 흠이 발견되기는 했지만 문제될 것이 없다고 판단했다는 것이다.",BIIOBIOOOOOBIOOBIOOOOOOOBIOBOOBIOOOOOOOOBIOOOOOOOOOBIOOOOOOOO
17748,이와 같은 작가의 동화적 상상력은 한편으로는 화자 개인의 역사를 구성하는 동시에 다른 한 편으로는 인류 문명의 역사를 구성한다.,OOOOOOBIOOBIOOBIIOOBIOOOOBIOBIOOBIOOBIOOOBIOOOOOOOOOOOOBIOBIOOBIOOBIOOO
60221,"인형이건, 취미건, 유행이라면 와아 몰리는 일본인의 뇌동성은 때에 따라서는 경박하게도 보인다.",BIOOOOBIOOOBIOOOOOOOOOOOBIIOOBIOOOBOOOOOOOOOOOOOOOOO
35509,"그런데 앞에서 이미 운을 띄우긴 했지만, 이 제주도 측간이 이방인들에게 심각한 문화적 충격을 안겼던 것은 측간이 하필이면 돼지우리 위에 설치되었다는 점과, 또 돼지우리 안에 돼지가 실제로 거주한다는 점이었다.",OOOOBOOOOOOBOOOOOOOOOOOOOBIIOBIOOBIIOOOOOOOOBIOOBIOOOOOOOOOBIOOOOOOOBIOOOBOOBIOOOOOBOOOOOBIOOOBOOBIOOOOOOBIOOOOBOOOO
182,오늘 청와대에서 김대중 대통령 주재로 정·재계 간담회가 열린다.,BIOBIIOOOBIIOBIIOBIOOBBIOOBIIOOOOOO
57482,"""사람들은 모두 선생님을 말하기 좋아하는 사람이라고 하는데, 왜 그렇게들 말하는지 말씀해 주십시오.""",OBIOOOOOOBIOOOBOOOOOOOOBIOOOOOOOOOOOOOOOOBOOOOBIOOOOOOOO
47173,사실은 '우리'의 이야기를 통해 '최달호' 선생을 보여주려 했던 것이다.,BIOOOOOOOOBIIOOOOOOBIIOOBIOOOOOOOOOOOOOO
63423,"때로는 예외가 있어서 아르키메데스, 헤로(Hero, AD 1세기), 파푸스(Pappus, AD 4세기) 등이 실제 기술적 지식과 과학 양쪽에 다 종사했지만 그들마저도 이 두 가지 종류의 지식을 연결시키려는 노력을 하지는 않았다.",OOOOBIOOOOOOBIIIIIOOBIOOOOOOOOOOOBIOOOBIIOOOOOOOOOOOOOBIOOOOOBIOBIOOBIOOBIOBIOOOOBIOOOOOOOOOOOOOOOOOBIOOBIOOBIOOOOOBIOOOOOOOOOO
61586,몇 년 동안 쌓아 온 믿음이라 쉽사리 무너지지는 않았습니다.,OOOOBIOOOOOOBIOOOOOOOOOOOOOOOOOOO
23310,숨을 막히게 하는 하늘 위의 희뿌연 뚜껑도 걷어 버리자.,BOOOOOOOOOBIOBOOOOOOBIOOOOOOOOO
39060,왜냐하면 '용'이나 '꿈'이나 '하느님'은 현실세계에 존재하는 것이 아니므로 진위를 따질 수가 없기 때문이다.,OOOOOOBOOOOOBOOOOOBIIOOOBIOOOOBIOOOOOOOOOOOBIOOOOOOOOOOOOOOOO
47523,오로지 무슨 짓이라도 해야 한다는 생각뿐이었다.,OOOOOOOBOOOOOOOOOOOBIOOOOO
49836,잠깐 동안 침묵이 흘렀다.,BIOBIOBIOOOOOO
44160,무엇에 대해 자상하게 설명하고 있거나 애정어린 충고를 하고 있는 것 같았다.,OOOOOOOOOOOOBIOOOOOOOBIOOOBIOOOOOOOOOOOOOO
42854,"찬 물:: 먹어야지,",OOBOOOOOOOO
10114,한나라당 이회창 대통령 후보의 대북관이 시간이 흐르면서 더욱 강성을 띠고 있다.,BIIIOBIIOBIIOBIOOBIIOOBIOOOOOOOOOOBIOOOOOOOO
23284,다찌바나코치는 89년 긴테쓰 버펄로스에서 트레이닝코치를 시작한 이래 1년간 미국 메이저리그 뉴욕 메츠 트레이닝코치를 맡은 후 계속 롯데 마린즈에서 일해왔다.,BIIIOOOOOOOOBIIOBIIIOOOBIIIOOOOBIOOOOOOOOOBIOBIIOOOBIOBIOBIIIOOOOOOOBOOOOBIOBIIOOOBOOOO
1372,그렇게 유순해 터져서 어떻게 모진 세상을 살아가누.],OOOOOOOOOOOOOOOOOOOBIOOOOOOOO
11369,6일 오전 10시 외교 안보 연구원에서 열리는 한국 정치 학회의 연례 학술 세미나에서 전주대 이강로 교수가 발표할 '김영삼 지도력의 특성과 유형'.,OOOBIOOOOOBIOBIOBIIOOOOOOOBIOBIOBIOOBIOBIOBIIOOOBIIOBIIOBIOOBIOOOBIIOBIIOOBIOOBIOO
45990,그러나 소설의 경우는 그 아우트라인이 아무리 꼼꼼히 잘된 것이라 해도 형상화된 작품과는 거리가 있는 것이어서 그것을 남에게 내보인다는 것은 자신의 치부를 보이는 것이나 다름이 없는 일일 것이다.,OOOOBIOOBIOOOOBIIIIOOOOOOOOOOOOOOOOOOOOBIOOOBIOOOBIOOOOOOOOOOOOOOBOOOOOOOOOOOOBIOOBIOOOOOOOOOOOOOOOOOBOOOOOO
7778,"서울의 후서강단(後西江團), 평양의 폐사군단(廢四郡團), 재인(才人)들의 채단(彩團), 걸인들의 유단(流團) 등은 그 대표적인 무리들로, 관가의 창고를 습격하는 것은 흔한 일이었다.",BIOOBIIIOOOOOOOOBIOOBIIIOOOOOOOOBIOOOOOOOBIOOOOOOBIOOOBIOOOOOOOOOOBIOOOBIOOOOBIOOBIOOBIOOOOOOOOOBOOOO
10519,{춘추}는 그 주석서인 {춘추 좌전(春秋左傳)}과 더불어 중국 최초의 체계적인 역사 기록으로 손꼽힌다.,OBIOOOOOBIIOOOBIOBIOOOOOOOOOOOOOBIOBIOOBIOOOBIOBIOOOOOOOO
13581,그러나 이러한 언어에 대한 인식은 곧이어 등장하게 되는 변칙론자(anomalist)들에 의하여 정면으로 비판을 받게 된다.,OOOOOOOOBIOOOOOBIOOOOOOBIOOOOOOBIIIOOOOOOOOOOOOOOOOOOBIOOOBIOOOOOOOO
54173,거기 터미널에 공지천이라는 데가 있다?,OOOBIIOOBIIOOOOOOOOOO
60164,"""아버지 어머니, 아버지 어머니…""",OBIIOBIIOOBIIOBIIOO
16655,자녀를 사학에 보낸 학부모들도 똑같이 교육세를 부담한다고 했을 때 정부가 어느 정도 보조를 해 주어야 한다고 본다.,BIOOBIOOOOOBIIOOOOOOOBIIOOBIOOOOOOOBOBIOOOOOBIOBIOOOOOOOOOOOOOOO
21924,인기 탤런트들의 경우 '품위 유지'에 많은 돈이 들어가기 때문에 사실 겹치기 출연은 불가피한 면이 없지 않다.,BIOBIIOOOBIOOBIOBIOOOOOOBOOOOOOOOOOOOOOOOOOBIOOOOOOOBOOOOOOOO
30373,따라가지 않을 수 없었다.,OOOOOOOOOOOOOO
53129,"우리 나라의 전경련 관계자는 ""우리 나라의 기업들도 소비자 밀착경영을 강화하면서 사회 발전에 기여하는 이미지를 심는 등, 사회공헌 활동이 증가하고 있다""고 주장하고 있다.",OOOBIOOBIIOBIIOOOOOOBIOOBIOOOBIIOBIOOOOBIOOOOBIOBIOOBIOOOBIIOOOOOOOOBIOOOBIOOBIOOOOOOOOBIOOOOOO
42694,남편은 아이들의 상상력을 흡족해 하는 듯 말했지요.,BIOOBIOOOBIIOOBIOOOOOOOBOOOO
25474,내 기관지가 더 나빠질지도 모른다는 예감이 들었단다.,OOBIIOOOOOOOOOOOOOOOBIOOOOOOO
55063,오늘 밤 다시 한번 애국심이 거리를 넘실대는 장면이 연출될 게 분명하다.,BIOBOOOOBIOBIIOOBIOOOOOOOBIOOBIOOOOOOOOO
32052,초조해서 줄담배만 피워 대던 왕형사 앞에 이윽고 새벽 두 시가 넘어서야 부총학생회장이 나타났다.,BIOOOBIIOOOOOOOOBIOOBOOOOOOBIOOOOOOOOOOOBIIIIIOOOOOOO
65674,그날은 오래간만에 즐거웠다.,OBOOBIIIOOOOOOO
34382,"만날 수밖에 없을 거꺼예요,",OOOOOOOOOOOOOOO
2344,거기 가도 언니 옛날에는 저두 좀 잘 깎았거든요?,OOOOOOBIOBIOOOOOOOOOOOOOOOO
35877,"""97년에는 내가 거의 뛰지 못해 착잡한 마음이 앞섰다.",OOOOOOOOOOOOOOOOOOOOOOOBIOOOOOO
42638,목덜미에 흰털이 난 대장쥐가 가운데 앉고 그 둘레에 크고 작은 쥐들이 둘러앉았습니다.,BIIOOBIOOOOBIOOOBIIOOOOOOBIOOOOOOOOBOOOOOOOOOOO
10427,"""난 수혜가 그 정도는 상식으로 알고 있을 줄 알았지.",OOOBIOOOOBIOOBIOOOOOOOOOOOOOOO
57307,그녀는 다시 고개를 창밖으로 돌렸다.,OOOOOOOBIOOBIOOOOOOO
53360,"첫째도 위대한 수령님과 친애하는 지도자 동지고 둘째도, 세째도 모두 같았다.",OOOOOOOOBIOOOBIOOOBIIOBIOOOOOOOOOOOOOOOOOO
5061,아주 잠깐이었지만 등줄기가 오싹해지는 느낌에 몸을 떨었고 그 느낌에서 도망치기 위해 서둘러 시선을 돌려야 했다.,OOOBIOOOOOBIIOOOOOOOOBIOOBOOOOOOOOBIOOOOOOOOOOOOOOOBIOOOOOOOOO
47352,"공원으로 들어가 잔디에 앉아, 깊이 생각해 보고, 어떻게 하는 것이 가장 좋은 길인가 궁리해 보았다.",BIOOOOOOOBIOOOOOOOOOBIOOOOOOOOOOOOOOOOOOOOOOBOOOBIOOOOOO
59245,"복 받아요, 잉~.""",BOOOOOOOOOO
51686,"며칠 사이에 나는 미군 병사들 사이에 토일렛 심이라는 이름으로 유명해졌고, 내가 홀로 들어서면 미군 병사들은 하이, 토일렛 심, 하고 나를 불러젖히고 웃음을 터뜨렸으며, 그래서 홀에서 일하는 종업원들은 물론 제임스 박까지 영문을 알 수 없어 고개를 갸웃거리거나 수상쩍은 눈빛으로 나를 쏘아보았다.",BIOBIOOOOOBIOBIOOBIOOBIIOBOOOOBIOOOBIOOOOOOOOOOOOOOOOBIOBIOOOBIOOBIIOBOOOOOOOOOOOOOOBIOOOOOOOOOOOOOBOOOBOOOBIIOOOOOOBIIOBOOOBIOOOOOOOOOBIOOOOOOOOOOOOOOBIOOOOOOOOOOOO
13653,"아무리 머리를 맞대고 생각해도 뾰족한 수가 떠오르지 않자, 그들은 좌우대칭인 우주에서 방향성을 표시하려는 것은 어리석은 행동이라고 결론내렸지요.",OOOOBIOOOOOOBIOOOOOOOOOOOOOOOOOOOOOOOBIOOOOBIOOOBIOOOBIOOOOOOOOOOOOBIOOOOBIOOOOO
35992,"아빠 왜 이래 왜 이렇게이케 청소를 안 해,",BIOOOOOOOOOOOOOOBIOOOOOO
72478,그 도시의 풍경은 눈에 들어오지 않았다.,OOBIOOBIOOBOOOOOOOOOOO
15277,위통은 속옷 바람이나 다리는 각반을 치고 칼을 차고 회초리를 들고 이 사람 저 사람에게 거드름을 부리고 있었다.,BIOOBIOBIOOOBIOOBIOOOOOBOOOOOBIIOOOOOOOBIOOOBIOOOBIIOOOOOOOOOO
64004,상위 문화에서 먼저 시작된 거 아닌가?,BIOBIOOOOOOBIOOOOOOOO
8077,근로소득세 부담을 줄이는 세제 개편은 지금이 적절하며 필요한 시기로 판단된다.,BIIOOOBIOOOOOOBIOBIOOBIOOOOOOOBIOOBIOOBIOOO
41709,셰익스피어를 낳았던 민중문화의 풍토가 영국의 산업화와 더불어 상실되었다고 말할 때에도 우리는 그것이 모든 산업화에 자동적으로 따르는 결과인지 아니면 서구 특히 그중에서도 영국의 산업화가 민중의 창조적 역량에 결정적인 타격을 입히면서 출발했기 때문인지를 우선 따져볼 필요가 있다.,BIIIIOOOOOOBIOOOOBIOOBIOOBIOOOOOOOBIOOOOOBOOBOOOOOOOOOOOOOOBIOOOBIOOOOOOOOBIOOOOOOOBIOOOOBIOOOOBIOOBIOOOBIOOBIOOBIOOBIOOOBIOOOOOOOBIOOOOOOOOOOOOOOOOBIOOOOO
62683,"""그런데 집 안에 있으면 답답하지 않니? 어둡잖아.""",OOOOOBOBOOOOOOOOOOOOOOOOOOOOO
11879,비가 많이 와 세탁기를 쓰지 않는 날은 세탁기를 닦아둔다.,BOOOOOOOBIIOOOOOOOOBOOBIIOOOOOOO
2088,성적순으로 훌륭한 사람이 되지 않는다는 것은 누구나 수긍할 수 있다.,BIIOOOOOOOBIOOOOOOOOOOOOOOOOOBIOOOOOOO
19657,"몇 가지만 예로 들면, 열등 의식·도둑질을 하는 심리·깡패의 심리·유머의 심리 및 인간은 왜 도덕군자가 되어야 하는가?",OOOOOOBOOOOOOBIOBBIOOOOOOOOBBIOOOOBBIOOOOBIOOOBIOOOOBIIIOOOOOOOOOO
70844,시작은 정말로 절반일까? 비서인 듯한 아가씨가 손톱을 손질하고 있었다.,BIOOOOOOBIOOOOBIOOOOOBIIOOBIOOBIOOOOOOO
74492,그건 별개의 문제다.,OOOBIOOBIOO
3192,더욱 수상쩍었던 점은 그 물고기가 대관절 어느 계열 소속인가 하는 것이었다.,OOOOOOOOOBOOOOBIIOOOOOOOOOBIOBIOOOOOOOOOOO
64766,➍ 천정 / 천장 4.,OOBIOOOBIOOO
68259,단지 명령과 순종만이 있을 뿐이다.,OOOBIOOBIOOOOOOOOOO
27992,그러나 경화는 그런 말을 듣는 순간 일기장이든 서랍을 잠그지 않고 외출한 것 같은 기분이 들었다.,OOOOBIOOOOOBOOOOOBIOBIIOOOBIOOOOOOOOOBIOOOOOOOBIOOOOOO
29638,"저 여기 있어요.""",OOOOOOOOOO
4250,"정신 : 그럼 오늘은 퇴근하는 대로, 곧장 휴식하도록 할게.",BIOOOOOOBIOOBIOOOOOOOOOOBIOOOOOOO
39035,참 안됐다.,OOOOOO
33963,그러므로 젖을 빨고 난 후에 손발을 열심히 움직이도록 해야 한다.,OOOOOBOOOOOOOBOOBIOOOOOOOOOOOOOOOOOO
25987,"BC 2천 5백 년 전 수메르에서는 최초의 맥주홀이 문을 열었으며, 만원을 이루었다는 기록으로 보아서, 아마도 맥주가 포도주 다음에 등장하였으며, 그로부터 5백년이 지난 후 중국에서 쌀술이 만들어진 것이다.",OOOOOOOOOOOBOBIIOOOOBIOOBIIOOBOOOOOOOOOOOOOOOOOOBIOOOOOOOOOOOOBIOOBIIOBIOOBIOOOOOOOOOOOOOOOOOOOBOBIOOOBOOOOOOOOOOOO
47367,그녀만의 심정이 아닌 것이 분명했다.,OOOOOBIOOOOOOOOOOOOO
64360,"소요자금은 미국 패커드재단, 퍼킨스재단, 유네스코, 일본의 경단련 자연보호재단, 세키스이(績水)화학, 정부개발원조(ODA) 등이 댄다.",BIOOOOBIOBIIOOOOBIIOOOOBIIIOOBIOOBIIOBIIIOOOOBIIIBIOOOOOOBIOOOOOOOOOOOOOOOO
52468,"그 두 용어는 원래 짝을 이루었는데 한쪽은 귀화하지 못해 손님 노릇을 하고, 다른 한쪽은 원래부터 있던 말처럼 친근하게 되고 엉뚱하게 변해서 서로 멀어졌다.",OOOOBIOOBIOBOOOOOOOOBIOOBIOOOOOOBOOBIOOOOOOOOOBIOOBIOOOOOOBOOOOOOOOOOOOOOOOOOOOOOOOOOOO
36084,그런데 요즘도 돈이 안 드는 먹을 것이라고 욕을 많이 먹고 사니까 일찍이 나의 문제를 할머니는 잘도 지적을 하셨구나.,OOOOBIOOBOOOOOOOOOOOOOOOBOOOOOOOOOOOOOOOOOOOBIOOBIIOOOOOBIOOOOOOO
3697,오빠의 손으로 묻어 주십시오.,BIOOBOOOOOOOOOOO
8456,라오스는 1971년에 양귀비 재배를 금지했다.,BIIOOOOOOOOOBIIOBIOOBIOOO
31236,"손으로 써도 되고,",BOOOOOOOOO
412,"궁성의 남벽은 길이 약 600m이고, 북벽은 약 625m이며, 동과 서벽은 모두 약 750m이다.",BIOOBOOOBIOOOOOOOOOOOBOOOOOOOOOOOOOBOOBOOOOOOOOOOOOOOO
36350,·양반 →품행의 단정함 또는 높은 인격자,OBIOOBIOOOOOOOOOOOOBII
72396,모든 사람들은 죽음을 향해 줄서기를 하고 있는 셈이다.,OOOBIOOOBIOOOOOOOOOOOOOOOOBOOO
28583,"어느 재벌 그룹의 총수가 ""마누라와 자식만 빼고는 모두 바꿔라!""는",OOOBIOBIOOBIOOOBIIOOBIOOOOOOOOOOOOOOO
41810,"나가면,",OOOO
16877,"그것은 어느 소수 특권층에 대한 반대 운동이 아니라, 노동 계급까지를 포함한 인구의 다수파에 대한 반대 운동이다.",OOOOOOOBIOBIOOOOOOBIOBIOOOOOOOBIOBIOOOOBIOOBIOOBIIOOOOOBIOBIOOO
57937,"나는 얼른 그 아이를 찾아가서 쓰러뜨린 다음에 집으로 오니, 그 아이 형님 명호가 와서 왜 왜 왜 왜 때렸니, 하고 말하기에 아이구 더러워, 너하곤 말도 안 할 테야, 하고 말하는데 또 비가 내리기 시작했다.",OOOOOOOOBIOOOOOOOOOOOOBIOOBOOOOOOOOOBIOBOOBIOOOOOOOOOOOOOOOOOOOOOBOOOOOOOOOOOOOOOOOBOOOOOOOOOOOOOBOOOOOOBOOOOOOBIOOO
55189,하지만 견딜 수가 없어.,OOOOOOOOOOOOO
36398,온 사단 병력이 개미처럼 달라붙은 터널공사에 원기도 동원돼 트럭과 함께 투덜거리며 대성산 고개를 넘고 있었다.,OOBIOBIOOBIOOOOOOOOBIOOOOBIOOBIOOBIOOOOOOOOOOOBIIOBIOOOOOOOOO
114,분자가 물질에 있어서 가장 작은 입자인가 하면 꼭 그런 것은 아니다.,BIOOBIOOOOOOOOOOOOBIOOOOOOOOOOOOOOOOOO
26548,다만 화대를 받는 여자만이 처벌 대상이 된다.,OOOBIOOOOOBIOOOBIOBIOOOOO
67917,그리고 길바닥에 칼을 버렸다.,OOOOBIIOOBOOOOOO
64732,아파트 꼭대기에서 어린이들이 병아리를 내던져 가지고 내기를 하는 유행이 얼마 전에 있었습니다.,BIIOBIIOOOBIIOOOBIIOOOOOOOOOOBIOOOOOBIOOBIOBOOOOOOOO
22672,언니는 완연한 '보험아줌마' 복장을 하고서 소풍을 나왔다.,BIOOOOOOBIIOOOOOBIOOOOOOBIOOOOOO
17653,"입천장과 잇몸이 자주 헐고 치질도 한몫 끼어 각종 감기약, 위장약, 비타민 제제를 끼고 살았다.",BIIOOBIOOOOOOOOBIOOBIOOOOBIOBIIOOBIIOOBIIOBIOOOOOOOOO
67082,"이 사고방식은 과학기술에 대한 적극적, 진취적 자세를 낳음으로써 근대 과학혁명과 산업혁명을 일으키는 원동력이 되었고 전례 없는 물질적 풍요를 선사했다.",OOBIOOOOBIOOOOOOOBIOOOBIOOBIOOOOOOOOBIOBIOOOOBIOOOOOOOOOBIIOOOOOOBIOOOOBIOOBIOOBIOOO
19810,따라서 단기간에 급속히 성장한 것은 쟁점을 이끌어 간 것에 기인한다고 할 수 있다.,OOOOBIIOOOOOOBIOOOOOBIOOOOOOOOOOOBIOOOOOOOOOOO
58600,"착한 일을 많이 할 것, 그리고 진짜 사람이 되기 전엔 절대로 따뜻한 곳에 가지 말 것.",OOOBOOOOOOOOOOOOOOBIOBIOOOOOBOOOOOOOOOOBOOOOOOOOO
50868,버티는 그를 어떻게 계룡산 꼭대기까지 끌어올려야 할까.,OOOOOOOOOOOBIIOBIIOOOOOOOOOOOO
70399,케이블카가 타고 다니는 선같이 말입니다.,BIIIOOOOOOOOOBOOOBOOOO
14017,"""누세요.",OOOOO
41250,텍스트를 바꿔 가지고?,BIIOOOOOOOOO
26748,가장 편한 길이라도 바로 엊그제 돌멩이를 깔아 놓은 길보다 더 험할 지경이다.,OOOOOOBOOOOOOOBIIOBIIOOOOOOOOBOOOOOOOOOOOOO
69825,죽음 역시 이렇게 시대에 따라서 그 문명의 특징을 반영하고 있는 것이다.,BIOOOOOOOOBIOOOOOOOOBIOOBIOOBIOOOOOOOOOO
58317,심장과 피를 구분해서는 혈을 이해할 수 없고 뇌와 마음을 구분해서는 심을 이해할 수 없다는 것이다.,BIOOBOOBIOOOOBOOBIOOOOOOOBOOBIOOBIOOOOBOOBIOOOOOOOOOOOO
70800,백김치.갓김치.얼가리김치.총각김치.파김치 등 손맛이 제대로 배인 다양한 김치들이 퍼레이드를 펼친다.,BBIIIIOOOOOOOOOOOOOOOOOOOBIOOOOOOOOOBIOOBIOOOBIIIOOOOOO
15845,살코기만으로 갈비살이 이 부피 나오는 거 봤어?,BIIOOOOBIIOOOOBIOOOOOOOOOO
66465,혼자 심심했던 차에 들리는 전화벨 소리는 그지없이 반갑게 들렸다.,BIOOOOOOOOOOOOOBIIOBIOOOOOOOOOOOOOOO
6950,첨 본 남자는.,OOOOBIOO
70819,새끼덧문이 열리고 박창길이 들어왔다.,BIOOOOOOOOBIIOOOOOOO
575,북한의 산업을 구조적으로 육성할 수 있는 마스터플랜을 작성하라.,BIOOBIOOBIOOOOBIOOOOOOOBIIOOOOBIOOO
65960,첫째는 딴 놈이면 한대 붙이려다가 주저앉았다.,OOOOOOOOOOOOOOOOOOOOOOOOO
25240,"그러나 그에게는 술을 마음놓고 사 마실 돈이 없었고, 그래서 500짜리 생맥주 한 조끼만 달랑 시켜놓고는 안주도 없이 거의 한시간이나 버티었다.",OOOOOOOOOBOOBIOOOOOOOOBOOOOOOOOOOOOOOOOOOBIOOOBIOOOOOOOOOOOBIOOOOOOOOOBIOOOOOOOO
57851,"연초 소매업자는 모두 58호가 있었는데, 이 중 4호가 일본인이었고 나머지는 한국인이었다.",BIOBIIIOOOOOOOOOOOOOOOOOOOOOOOOBIIOOOOBIIOOBIIOOOO
30664,- 그럼 정말 의혹은 없는 겁니까.,OOOOOOOOBIOOOOOOOOO
68368,"한데 딱하게도 그 줄이란 버스 타는 줄도 아니요, 생활 필수품을 사려고 기다리는 줄도 아니다.",OOOOOOOOOOBOOOBIOOOOBOOOOOOOBIOBIIOOOOOOOOOOOBOOOOOO
4593,그때는 학번이 민성이 형이 아.,BIOOBIOOBIOOBOOOO
20556,문장 구사법도 자연스럽지만 감정의 표출이 보통이 아니었다.,BIOBIOOOBIOOOOOBIOOBIOOBIOOOOOOO
69161,"먼저 농민이 들판에서 차리고, 유통업자와 식품업자가 시장에서 차리고, 가정에서는 주부들이 마무리로 차립니다.",OOOBIOOBIOOOOOOOOBIIIOOBIIIOOBIOOOOOOOOBIOOOOBIOOOBIIOOOOOOO
17550,그의 제자들은 훗날 고려라는 새 왕조에 가서 출세하기에 이르렀다.,OOOBIOOOBIOBIOOOOOBIOOOOOBIOOOOOOOOO
30453,"어::~ 그~ 같이 술을 그까 다릴 때만 같이 섞어서 다린다고 하드라구요 그서,",OOOOOOOOOOOBOOOOOOOOBOOOOOOOOOOOOOOOOOOOOOOO
44106,실로 80년이면 우리나라 가요의 전사(全史)나 다름없다.,OOOOOOOOOBIIIOBIOOBIOOOOOOOOOOO
57992,왜 영도가 있을 거라고 생각했을까.,OOBIOOOOOOOOOBIOOOO
3090,"따라서 직급제도의 조정 또는 폐지방안은 승진제도의 문제점이 가장 현저하게 드러나는 고등법원 부장판사 직급제도를 중심으로 재검토되어야 하고, 나아가 승진여부와는 관계없이 소신을 가지고 정년이 될 때까지 법관으로 근무할 수 있는 제도적 장치의 마련을 위하여 지속적인 논의가 있어야 한다고 생각합니다.",OOOOBIOOOOBIOOOOBIOOOOBIOOOOBIIOOOOOOOOOOOOOOOBIOOOBIOOOBIOOOOBIOOOOBIOOOOOOOOOOOOBIOOOOOBIOOOBIOOOOOOBIOOOOBOOOBIOOOBIOOOOOOOBIOOBIOOBIOOOOOOBIOOOBIOOOOOOOOOOBIOOOO
28977,하여보았다. 어머니 말씀마따나 시집이라고 왔어야 나하고 살아본 동안이 날짜로 따져도 몇달이 못 될 것이다.,OOOOOOOBIIOBIOOOOBIOOOOOOOOOOOOOOOOBIOOBIOOOOOOOBOOOOOOOOOO
1182,자전거를 타고 왔던 걸 보면 그때도 그리 먼 거리는 아니었을 텐데 어린 나는 그런 것까지 유추할 수는 없었던가 보다.,BIIOOOOOOOOOOOOOBIOOOOOOOBIOOOOOOOOOOOOOOOOOOOOOOOBIOOOOOOOOOOOOO
24409,갈밭 사잇길로 들어섰다.,BIOBIIOOOOOOO
15750,생각해봅시다 농산물 가격 농산물 가격의 특징 가운데 하나는 완전 자유 시장 경제에서 수요와 공급에 의해 값이 정해진다는 것이다.,BIOOOOOBIIOBIOBIIOBIOOBIOBIIOOOOOBIOBIOBIOBIOOOBIOOBIOOOOOBOOOOOOOOOOOO
32219,"먹히는 반면에,",OOOOBIOO
49837,그는 중국에서 시어사(侍御史)라는 벼슬까지 이르렀고 궁궐을 마음대로 출입할 수 있는 영광을 누리기도 하였다.,OOOBIOOOBIIOOOOOOOOBIOOOOOOOOBIOOOOOOOBIOOOOOOOBIOOOOOOOOOOO
1940,"소설은 허가 맡은 거짓말이니까 아무리 거짓말을 해도 법에 걸리지는 않겠지만 사람 사는 세상에는 왜 예로부터 허가 맡은 거짓말이 있어왔을까, 생각할수록 내 아둔한 머리로는 여간 고민스럽지가 않다.",BIOOBIOOOOBIIOOOOOOOOBIIOOOOOBOOOOOOOOOOOOBIOOOOBIOOOOOBOOOOBIOOOOBIIOOOOOOOOOBIOOOOOOOOOOBIOOOOOOBIOOOOOOOO
42897,라프산자니 대통령은 이날 기자 회견을 통해 이 같이 밝히고 이란은 걸프 전쟁을 종식시키기 위해 미국 및 이라크와 협상할 준비가 되어 있다고 말했다.,BIIIIOBIIOOBIOBIOBIOOOOOOOOOOOOOOBIOOBIOBIOOBIOOOOOOOBIOOOBIIOOBIOOBIOOOOOOOOOBOOO
49253,"장군님이 제 곁에 계시는 것만으로도 저는 만족합니다.""",BIOOOOOBOOOOOOOOOOOOOOOBIOOOOO
62336,방안으로 들어선 첫째는 목멘 소리로 어머니를 불렀다.,BOOOOOOOOOOOOOOOBIOOBIIOOOOOO
52380,"""두 분이 가까운 친구라는 것은 잘 알고 있습니다.",OOOOOOOOOOBIOOOOOOOOOOOOOOOO
72979,"그래서 좋은 마음을 가지면요,",OOOOOOOBIOOOOOOO
46788,비교적 젊은 작가들이 쓴 작품 중에서 뽑은 것인데 맨 먼저의 것은 스스로를 무기질이라고 하는 사람의 자기 진술이며 그 다음 것은 나이 30이 돼 한물간 술집여자의 오늘의 황폐한 생활을 보여주기 위해 다소 과장된 어투로 그네의 전력을 설명묘사한 것이다.,BIOOOOOBIOOOOOBIOOOOOOOOOOOOOOBIOOOOOBIIOOBIIOOOOOOOBIOOOOOBIOOOOOBIOOOOBIOOOOOOOOOOOBIOOOOBIOOBIOOBIOOOOOOOOOOOOOBIOOBIOOOOOOBIOOBIOOOOOOOO
74297,윤희의 목소리는 아직도 평온했다.,BIOOBIIOOOOOOBIOOO
38743,그곳에서 비로소 체내의 단백질로 합성되는데 이때 재료인 아미노산 중에서 남은 것이나 부족한 것이 생기게 마련이다.,OOOOOOOOOBIOOBIIOOBIOOOOBIOBIOOBIIIOOOOOOOOOOOOBIOOOOOOOOOOOOOO
9920,"이건 뭐 공부를 안 하니까 하나도 모르겠다,",OOOOOBIOOOOOOOOOOOOOOOOO
6093,"내가 글래머라거나 세계를 여행한다거나, 강력한 사람들을 인터뷰해서가 아니라 말이죠.",OOOBIIOOOOBIOOBIOOOOOOOOOOBIOOOBIIOOOOOOOOBOOO
9941,"겉으로는 핵 갖지 말자 그래두,",BOOOOBOOOOOOOOOOO
37372,"""네, 알고 계실 거예요.",OOOOOOOOOOOOOO
21251,"한국개발연구원의 이덕훈 박사는 ""연공서열에 길들여 있는 국내 뱅커들로선 성과주의를 받아들이기 어려울 것""이라고 말한다.",BIIIIIIOOBIIOBIOOOBIIIOOOOOOOOOBIOBIOOOOBIOOOOOOOOOOOOOOOOOOOOBOOO
9163,그러나 이 말도 여유있게 해석해야 한다.,OOOOOOBOOBIOOOBIOOOOOO
38132,"혈압이란 무엇인가 ""당신은 혈압이 얼마입니까?"" ""110에서 65입니다.""",BIOOOOOOOOOOOOOBIOOBIOOOOOOOOOOOOOOOOOOOO
46422,산천은 아직 한겨울이었다.,BIOOOOOOBIOOOO
63456,"한미은행 / 창립 14주년 기념식 거행 한미은행(은행장 홍세표)은 3월 16일 창립기념일을 맞아, 3월 15일 오전 본점 10층 강당에서 창립 14주년 기념식과 함께 우수직원 및 ‘올해의 인물’에 대해 포상하고, 우수 직원가족 및 고객을 초청하여 감사장을 전달했다.",BIIIOOOBIOOOOOOBIIOBIOBBIIOOOOOBIIOOOOOOOOOOBIIOOOOOOOOOOOOOOOBIOBIOOOBOBIOOOBIOOOOOOBIIOOOOOBIOOOOOOBIOOBIOOOOOOBIOOOOBIOBIOOOOOBIOOBIOOOBIIOOBIOOO
16296,즉 강남 8학군의 학력 수준이 높은 것은 산간벽지 학생과는 도저히 비교가 되지 않을 정도로 막대한 사교육비를 투자해 얻은 결과라는 것이다.,OOBIOOBIOOBIOBIOOOOOOOOBIIIOBIOOOOOOOBIOOOOOOOOBIOOOOOOBIIIOOBIOOOOOBIOOOOOOO
48407,그런데 임산부는 자기 속에 남을 품는다.,OOOOBIIOOOOOBOOBOOOOOO
45517,"감방장은 인근 군에 사는 농민으로, 꾼 돈을 갚지 못해 사기로 구속되었는데 고소인과 합의를 보았기 때문에 곧 석방될 것이라 했다.",BIIOOBIOBOOOOOBIOOOOOOBOOOOOOOOBIOOBIOOOOOBIIOOBIOOOOOOOOOOOOBIOOOOOOOOO
48441,누가 주체가 되어야 할까?,OOOBIOOOOOOOOO
35209,이것은 쉽게 말해서 화장경비이다.,OOOOOOOBOOOBIOOOOO
73058,"막~ 팔자다리로 걷고,",OOOBIIIOOOOO
2344,종보에는 목침형 대공을 세워 종도리를 받치고 있다.,BIOOOBIOOBIOOOOOBIIOOOOOOOOO
4301,그 기저는 백남준씨의 미술과 황병기씨의 음악이다.,OOBIOOBIIOOOBIOOBIIOOOBIOOO
43984,이란의 하세미 라프산자니 대통령과 메디 카루비 국회 의장은 이란을 방문중인 김달현 북한 부총리와 만난 자리에서 김일성 북한 주석이 이란을 공식방문해 줄 것을 요청했다고 테헤란 라디오가 4일 보도했다.,BIOOBIIOBIIIIOBIIOOBIOBIIOBIOBIOOBIOOBIOOOBIIOBIOBIIOOOOOBIOOOBIIOBIOBIOOBIOOBIOOOOOOOOOBIOOOOBIIOBIIOOOOOBIOOO
72035,수사에 협조바랍니다.,BIOOBIOOOOO
9705,"이와 달리 조합형 코드를 주장하는 이들은 '한글을 전부 표현할 수 없는 컴퓨터 코드체계는 의미가 없다'며 5천여 명의 서명서를 받은 탄원서를 제출, 완성형 표준코드를 반대했다.",OOOOOOBIOOBIOOBIOOOOOOOOBIOOOOOBIOOOOOOOBIIOBIOOOOBIOOOOOOOOOOOOOOBIIOOOOOBIIOOBIOOBIOOBIOOOOBIOOO
63395,아빠는 그 아이를 쳐다보고는 품이에게 빵과 주스를 갖다주라고 말했습니다.,BIOOOOBIOOOOOOOOBIOOOBOOBIOOOOOOOOBOOOOO
10935,산등성이에 걸친 달무리 위로 기러기가 나는 작품집의 표지 그림은 조병화 씨가 맡았다.,BIIIOOOOOBIIOBOOBIIOOOOOBIIOOBIOBIOOBIIOOOOOOOO
14650,난 아니에요.,OOOOOOO
53952,사랑하는 사람과 모든 시간을 다 가질 수 없다는 것은 괴로움이다.,BIOOOBIOOOOOBIOOOOOOOOOOOOOOOOBIIOOO
19769,"▴ 데리아빈은 또 ""63년 흉작과 중국 공산당과의 불화로 인해 흐루시초프에 대한 압력이 가중되고 있었다""고 보고했으며 자신은 처음부터 암살 사건이 난 한달 후인 그해 12월에 흐루시초프의 실각을 예측하고 있었다고 보고했다.",OOBIIIOOOOOOOOOBIOOBIOBIIOOOBIOOOOOBIIIIOOOOOBIOOBIOOOOOOOOOBIOOOOBIOOBIOOOBIOBIOOOOOOOBOOBIOOOOOOBIIIIOOBIOOBIOOOOOOOOBIOOO
29797,기존의 권력만능주의를 경계하고 오만한 권력을 견제하는 것은 새로운 정치가 담당해야 할 중요한 과제가 될 것이다.,BIOOBIOOOOOOBIOOOBIOOBIOOBIOOOOOOOOOOBIOOBIOOOOOBIOOBIOOOOOOOO
67375,어찌 보면 여성 해방이라는 거창한 주제가 모든 수단을 정당화하는 듯한 인상을 준다.,OOOOOOBIOBIOOOOOOOOBIOOOOOBIOOOOOOOOOOOBIOOOOO
64060,이렇게 이들 단체들이 초창기에 겪었던 어려움은 물론 재정상의 어려움과도 관련이 있지만 과학자들이 집단을 형성해서 수행하는 새로운 형태의 과학활동이 자리잡는 과정에서의 어려움의 표현이었다고 볼 수 있다.,OOOOOOOBIOOOBIIOOOOOOBIIOOOOOBIOOOBIIOOOBIOOOOOOBIIOOOBIOOBIOOOBIOOOOOOOBIOOBIOOOOBIOOOBIOOOOBIIOOBIOOOOOOOOOOOO
69547,"지금처럼 화학적 / 기계적 / 경제적 / 관료주의적 / 문화적으로 분해된 인간관계가 유기적 공동체성을 회복할 때 말 그대로의 유기농은 가능하겠지만, 거꾸로 화학적으로 분해된 오늘의 공업산업사회가 생명공동체사회로 극복되는 총체적 생명해방 ─ 전일적 해방선상에서만이 진정한 노동 / 농민해방도 전망될 것이다.",BIOOOBIOOOOBIOOOOBIOOOOBIIIOOOOBIOOOOBIOOBIIIOOBIOOBIIOOOBIOOBOBOOOOOOBIIOOBIOOOOOOOOOOBIOOOOBIOOBIOOBIOOOOOOBIIOOOOOOBIOOOBIOOBIOOOOOBIOOBIOOOOOOOOOOOBIOOOBIOOOOBIOOOOOO
25516,매월이가 일어나서 바깥에 나갔다 들어오더니 부적 한 장을 신석주의 콩소매에다 집어넣었다.,BIIOOOOOOOBIOOOOOOOOOOOOBIOOOOOOBIIOOBIIOOOOOOOOO
63959,이 아카데미는 당시 플로렌스의 실력자들이었던 메디치(Medici)가의 후원을 받았는데 갈릴레오의 제자였던 토리첼리의 후계자들이 주축이 되어 이루어졌다.,OOBIIIOOBIOBIIIOOBIIOOOOOBIIOOOOOOOOOOOBIOOOOOOOBIIIOOBIOOOBIIIOOBIIOOOBIOOOOOOOOOOO
25837,그 그 .,OOOOO
29528,문구멍으로 내다보니 순사 두 사람과 일본 헌병 칠팔명이 모두 칼 꽂은 총을 들고서 서당 쪽을 향해 올라오고 있었다.,BIOOOOOOOOOBIOOOBIOOBIOBIOOOOOOOOOBOOOOBOOOOOOBIOOOOOOOOOOOOOOOO
17706,또한 커피색의 용기와 라벨은 부드러운 맛을 전달하기에는 적당하지 않았다.,OOOBIOOOBIOOBIOOOOOOOBOOBIOOOOOOOOOOOOOO
11992,눈발은 이날도 멎지 않았다.,BIOOOBOOOOOOOOO
15471,그후 얼마 안 있어서다.,OBOBIOOOOOOOO
59553,"일반적으로 쥐를 중간 방에 넣으면, 쥐는 곧바로 검정색 방으로 뛰어들어 그곳에 머물러 있는다.",BIOOOOBOOBIOBOOOOOOOBOOOOOOBIIOBOOOOOOOOOOOOOOOOOOOO
53265,(주)한국존슨앤드존슨 칼리 T밸런스 T존을 보송보송 지켜 주는 피지 조절용 젤 타입 크림.,OBIIIIIIIOOOBIOOBIIOOBOOOOOOOOOOOOOBIOBIOOBOBIOBIO
46621,검찰은 이에 대해 정씨 측이 국방부 김영호 씨와 맺은 계약서를 제시해 제일생명 윤성식 상무가 이를 믿고 그렇게 했다고 말했다.,BIOOOOOOOOBOOOOOBIIOBIIOOOOOOOBIIOOBIOOBIIIOBIIOBIOOOOOOOOOOOOOOOOBOOO
37581,"또한 귀가 잘 안 들리게 되며 안경 없이는 신문을 보기 힘들 뿐만 아니라, 발을 헛딛는 경우도 많아진다.",OOOBOOOOOOOOOOOOOBIOOOOOBIOOOOOOOOOOOOOOOOBOOOOOOBIOOOOOOO
70984,또한 이처럼 의료생활세계의 모든 주체들이 펼치는 가치관점의 다양성(다원주의성)에도 불구하고 의료사회의 통합이 가능할 수 있는 것은 바로 '의료적 대화'라는 의료문화의 새로운 핵심가치 때문이라고 할 수 있다.,OOOOOOOBIOOOOOOOOOBIOOOOOOOBIOOOOBIBIIIOOOOOOOOOOOOBIOOOOBIOOBIOOOOOOOOOOOOOOBIOOBIOOOOBIOOOOOOOOBIOOOOOOOOOOOOOOOO
21772,명색이 장가일 뿐 그것은 상것들이나 입초에 올릴 만한 잡가였다.,BIOOBIOOOOOOOOBIOOOOBIOOOOOOOOBIOOO
57997,"""세금에는 여러 가지가 있지만 꼭 알아 두어야 할 것에는 내국세와 관세를 들 수 있지.""",OBIOOOOOOOOOOOOOOOOOOOOOOOOOOOOOBIIOOBIOOOOOOOOOO
31784,『사용자들에게 과거의 감정과 피해 의식을 버리고 새로운 각오로 일할 의지를 가진 근로자를 산업 현장으로 포용해 달라고 설득하고 있습니다.,OBIIOOOOBIOOBIOOBIOBIOOOOOOOOOOBIOOBOOBIOOOOOBIIOOBIOBIOOOBIOOOOOOBIOOOOOOOO
74889,一梧兄!,OOOO
66487,문학적 처리가 되기 이전의 인간의 심리·과학적 진리·생활상·종교적 신념·신화·역사·철학·사상 등이 일체의 것이다.,BIOOBIOOOOOBIOOBIOOBBIOOOOBBIIOOOOOOOBBIOOOOOOOOOOOOOOOBIOOOOOO
64948,적어도 일상에 무뎌진 감성을 갖고 반복적으로 길들여진 채로 사는 것은 아니기 때문에.,OOOOBIOOOOOOBIOOOOOBIOOOOOOOOOOOOOOOOOOOOOOOOOO
27466,"자 의성어 의태어 카드 나왔네::,",OOBIIOBIIOBIOOOOOOO
35902,고승우는 놀란 눈으로 달려들어 만돌이를 끌어내는 춘기를 도왔지만 춘기는 여관 손님 정도로만 생각했다.,BIIOOOOOBOOOOOOOOBIIOOOOOOOBIOOOOOOOBIOOBIOBOOBIOOOBIOOO
34272,"또 녹는점은 -259.2℃,",OOBIIOOOOOOOOOO
59761,"책의예상 판매 부수를 묻는 질문에 그는 ""몇 권 팔려야 인쇄비가 나오냐""며 ""대중을 이해시키지 못하는 예술은 의미가 없다""고 말했다.",BBIOOBIOBIOOOOOBIOOOOOOOOOOOOOOBIIOOOOOOOOOBIOOBIOOOOOOOOBIOOBIOOOOOOOBOOO
58958,방바닥은 일반적으로 보일러(연탄)로 실내를 덥히는 집이 많다.,BIIOOBIOOOOBBIOOOOOOBIOOOOOOBOOOOO
70984,그런 아줌마를 보고 있으면 나는 전 세계 바게트에다 단팥을 듬뿍 집어넣고 싶은 심정이었다.,OOOBIIOOOOOOOOOOOOOOBIOBIIOOOBIOOOOOOOOOOOOOBIOOOO
8366,무리할 필요는 없다.,BIOOBIOOOOO
33526,송판은 더 심하게 움직였습니다.,BIOOOOOOOOOOOOOOO
22164,늘 알림장을 보고 준비물 챙기는 것을 도와 주었고 간혹 선생님을 뵙기도 했었지만 아이가 알림장을 부실하게 써 오고 숙제를 안해 가는 것은 전혀 모르고 있었다.,OOBIIOOOOOBIIOOOOOOOOOOOOOOOOOOBIOOOOOOOOOOOOBIOOBIIOOBIOOOOOOOOBIOOOOOOOOOOOOOOOOOOOOOO
72582,"일 년에 4세 반, 그러니까 이 년마다 9세를 더해야 했다.",OOOOOOOOBOOOOOOOOOOOOOOOOOOOOOOOO
37399,어깨의 근육통의 종류는 대체로 다음과 같이 분류된다.,BIOOBIIOOBIOOOOOOBIOOOOOBIOOO
65256,이 구멍은 겨우 손이나 들어갈는지 물론 사람은 나들 수가 없었다.,OOBIOOOOOBOOOOOOOOOOOOBIOOOOOOOOOOOO
58159,그러나 쑤니는 언제나 그의 요구를 다 들어줄 수는 없었다.,OOOOBIOOOOOOOOOBIOOOOOOOOOOOOOOO
39116,"16:05 신촌역에서 이대 정문을 향해 걸어올라가다 보면 그 유명한 액세서리집 '주노'가 있지? 오늘은 웬일로 우리의 준호(주인아줌마의 아들, 준호의 이름을 따서 가게이름이 '주노'임)가 머리카락에 힘을 팍팍 주고 나와 오고가는 언니들의 액세서리 선택에 조언(?)을 해주고 있다.",OOOOOOBIIOOOBIOBIOOOOOOOOOOOOOOOOOBIOOBIIIOOOBIOOOOOOOBIOOBIOOOOOOBBIIIIOOOOBIOOBIOOBIOOOOOBIOOOOOBIOOOOOBIIIOOBOOOOOOOOOOOOOOOOBIOOOBIIIOBIOOBIOOOOOOOOOOOO
54875,"어떠냐, 내 말이 맞지?""",OOOOOOOBOOOOOO
5270,"아니 그런 게 아니라,",OOOOOOOOOOOO
15651,"시바스리갈이었던 거 같거덩::,",BIIIIOOOOOOOOOOOO
13501,아침 일찍부터 출근하는 엄마들이 유모차에 아이를 데리고 와서 보모에게 맡기면서 아이의 상태를 자세하게 이야기해 준다.,BIOOOOOOBIOOOBIOOOBIIOOBIOOOOOOOOOBIOOOOOOOOBIOOBIOOOOOOOBIIOOOOO
41973,그러나 아무 응답도 없자 한바탕 '물 좀 주소'를 부르고 사라지는 것이었다.,OOOOOOOBIOOOOOOOOOOBOOOOOOOOOOOOOOOOOOOOOO
44166,"피곤해, 정말 피곤해"" 하던 여자들.",BIOOOOOOBIOOOOOOBIOO
36429,이것을 설계한 사람은 자칭 수학의 이단자인 케니스 아이버슨이었다.,OOOOBIOOBIOOBIOBIOOBIIOOBIIOBIIIOOOO
61415,"이 아래아 한글에는,",OOBIIOBIOOO
4821,"지금까지 앞에서 달리고만 있던 서내는 이제 후배가 넘어서야 할, 깨뜨려야 할 '벽'이 되는 것이다.",BIOOOBOOOOOOOOOOOBIOOOOOBIOOOOOOOOOOOOOOOOOOBOOOOOOOOOO
51674,"병섭이 소일거리도 시킬 겸.""",BIIOBIIIOOOOOOOO
35492,거기다 둘 다 열렬한 야구광이어서 공감대 형성이 그리 어렵지만은 않았다.,OOOOOOOOOOOOBIOOOOOBIIOBIOOOOOOOOOOOOOOO
43463,나를 내 사랑으로부터 멀리 떠나게 해주세요.,OOOOOBIOOOOOOOOOOOOOOOOO
40617,'겨우 반년 동안 학교를 다니고 그만둘 거였다면 차라리 이 학교에 들어오지 말걸.',OOOOBIOBIOBIOOOOOOOOOOOOOOOOOOOOOBIOOOOOOOOOOO
3201,탄성을 질렀습니다.,BIOOOOOOOO
69932,"또 교외에서 사는 사람이 물건을 사러 마차로 읍내에 왔다가 하룻밤을 투숙해야 했고, 방문 나온 신사와 숙녀들이 발만으로 보도를 더듬어 가다가 어디서 방향이 바뀌었는지도 모르고 반 마장이나 길을 빗나가기도 했다.",OOBIOOOOOOBIOOBIOOOOOBIOOBIOOOOOOBIIOOBIOOOOOOOBIOOOOBIOOBIOOOBOOOOBIOOOOOOOOOOOOOOBIOOOOOOOOOOOOOBOBIOOOBOOOOOOOOOOO
29790,"수련의 전기적 요소와 역사적 맥락과 종교적 아우라를 물리치고, 수련 그 자체를 클로즈 리딩(close reading)한다.",BIOOBIOOBIOOBIOOBIOOBIOOBIIOOOOOOOOBIOOOBIOOBIIOBIOOOOOOOOOOOOOOOOOO
37141,궁중에서 잔치가 벌어졌다.,BIOOOBIOOOOOOO
12735,"니스-페인트, 옻칠을 한 칠가구는 먼지를 털어낸 뒤 비누걸레→물걸레→마른 걸레 순으로 손질한다.",BBIIOOOOBIOOOOBIOOOBIOOOOOOBOIIOBIIOOOOBOBIOBOOOBIOOO
59016,"또한, 일정한 지역의 사회 구성원 사이에 자발적 참여와 연대를 기초로 공동의 문제를 함께 해결함으로써, 공공서비스를 공동으로 생산하고 공동체 의식과 이념의 제도화에 기여한다.",OOOOBIOOBIOOBIOBIIOBIOOBIOOBIOOBIOOBIOOBIOOBIOOOOOBIOOOOOOBIIOOOOBIOOOBIOOOBIIOBIOOBIOOBIOOOBIOOO
19771,다른 애들은 안 놀아줘도 혜미만은 아이와 놀아줬다.,OOOBOOOOOOOOOOBIOOOBIOOOOOOO
74909,"악천후로 배가 침몰할 수도, 테러리스트들의 습격을 받을 수도, 배안에서 폭발 등의 사고가 날 수도 있다.",BIIOOBOOBIOOOOOOBIIIIOOOBIOOOOOOOOOBOOOOBIOOOOBIOOOOOOOOOO
19583,"따라서 직접우편의 이용이나 지역순방 또는 유세장을 활용하는 것을 잘 검토하고 매체접촉상황, 도달률, 빈도 등을 잘 감안하여 경로의 상호보완 및 상승효과를 도모해야 할 것이다.",OOOOBIOOOOBIOOOBIOOOOOOBIIOOBIOOOOOOOOBIOOOBIOOOOOOBIOOOBIOOOOOOBIOOOBIOOBIOOOOOBIOOOOBIOOOOOOOOO
69792,그런 생각도 들고?,OOOBIOOOOO
37112,"""자아, 떡집과 카라카라와 떡집 패들을 내일 아침 해님을 못 보게 해주어야 된다.""",OOOOOBIOOBIIIOOBIOBOOOBIOBIOBOOOOOOOOOOOOOOOOO
26032,그 특별한 능력이 바로 '취미'다.,OOBIOOBIOOOOOOBIOOO
13581,어린이용은 대부분 넘어지지 않도록 보조바퀴가 달려 있는데 어른용도 1만∼1만 5천원을 주면 보조바퀴를 부착해준다.,BIIOOOBIIOOOOOOOOOOBIOOOOOOOOOOOBIOOOOOOOOOOOOOOOOOBIOOOOBIOOOO
24618,"금감원 고위 관계자는 ""우량은행의 경우 지방은행과 합병하면 취약한 지방영업을 강화할 수 있는 시너지 효과를 얻을 수 있다""며 ""실제로 이 방안을 긍정적으로 검토하는 우량은행이 있다""고 말했다.",BIIOBIOBIIOOBIIOOOOBIOBIOOOOBIOOOBIOOBIOOOOBIOOOOOOOBIIOBIOOOOOOOOOOOOOOOOOOOBIOOBIOOOOBIOOOBIOOOOOOOOOBOOO
48939,"능력을 신장시키고 거기 더 나아가서 시민 의식과,",BIOOBIOOOOOOOOOOOOOOBIOBIOO
27316,"뿅 한번,",OOOOO
65634,그래서 더욱 나는 그 아이에 대한 온종일의 방심 끝에 내가 체험한 그 기묘한 섬뜩함에 어떤 의미를 붙이려 했는지도 모른다.,OOOOOOOOOOOOBIOOOOOBIIOOBIOBOOOOOBIOOOOOOOOOOOOOOOOBIOOOOOOOOOOOOOOO
63779,"이렇게 법은,",OOOOBOO
7244,"앞에서 말한 바와 같이 특정한 울타리 안에 갇혀 있는 종교라든가, 그렇기 때문에 '언제', '어디에서'나 있는 인간의 궁극적인 물음에 대한 해답의 구실을 하지 못할 뿐만 아니라, 그러한 물음은 아예 있을 수가 없다든가, 민속 종교는 온 영역 안의 인간들이 스스로의 삶의 과정을 겪으면서 새롭게 터득해 가는 인간의 물음에 대해서는 말하고 있지만, 변화하는 삶 전체의 정황이 빚어 내는 새롭게 제기된 인간의 물음에 대해서는 완전히 입을 닫고 만다고 하는 것들이다.",BOOOBOOOOOOOOBIOOBIIOBOOOOOOOOBIOOOOOOOOOOOOOOOOOOOOOOOOOOOOOOBIOOBIOOOBIOOOOOBIOOBIOOOOOOOOOOOOOOOOOOOOBIOOOOOOOOOOOOOOOOOBIOBIOOOOBIOBOOBIOOOBIIOOBOOBIOOOOOOOOOOOBIOOOOOBIOOBIOOOOOOOBOOOOOOOOBIOOOBOBIOOBIOOOOOOOOOOOOBIOOBIOOBIOOOOOOOOOOOBOOOOOOOOOOOOOOOOO
43034,이 거리를 중심으로 좌우에 새로 복원된 바빌론 궁의 성벽들이 질서있게 늘어서 있는데 김정은 행진의 거리를 한동안 거닐다가 혼자 성벽 사이로 천천히 걸어들어갔다.,OOBIOOBIOOOBIOOOOOBIOOBIIOBOOBIOOOBIOOOOOOOOOOOBIOOBIOOBIOOBIIOOOOOOBIOBIOBIOOOOOOOOOOOOO
56464,나만큼 남자를 편안하게 해 주는 여자가 어딨어요.,OOOOBIOOBIOOOOOOOOBIOOOOOOO
13511,"명수는,",BIOO
30595,"알고 있는 게 좋거든요,",OOOOOOOOOOOOO
63243,"특히 이라는 것이 장소의 이동을 나타내는 물리적 운동만이 아닌 여러 성질의 변화에 그대로 적용되는 점은 더욱 심해져서, 실제로 중세를 통해 운동에 대해 다루면서 온도의 변화, 색깔의 변화 같은 성질의 변화와 함께 자선심의 증가, 심지어는 신성의 증가 같은 변화들이 자주 예로 들어졌던 것이다.",OOOOOOOOOOBIOOBIOOOOOOOBIOOBIOOOOOOOOOBIOOBIOOOOOOBIOOOBOOOOOOOOOOOOOOOBIOOOOOBIOOOOOOOOOOBIOOBIOOBIOOBIOOOOBIOOBIOOOOOBIIOOBIOOOOOOOBIOOBIOOOOBIOOOOOOBOOOOOOOOOOO
39786,"하지만 여자는 내 의중을 헤아릴 리 없고, 나는 내 웃음의 뜻을 충실하게 전달해줄 필요를 느끼지 않았다.",OOOOBIOOOOBIOOOOOOOOOOOOOOOOOBIOOBOOBIOOOBIOOOBIOOOOOOOOOO
58520,스타일을 좀더 중시하는 쪽으로 서서히 전환 중이다.,BIIOOOOOBIOOOOOOOOOOOBIOOOOO
40772,"""열을 받은 수은이 뿜어내는 증기와 불량품에서 새어나온 수은이 이렇게 해로운 줄은 몰랐습니다.""",OBOOOOOBIOOOOOOOBIOOBIIOOOOOOOOBIOOOOOOBOOOOOOOOOOOOO
21126,"그들은 남편인 왕이 하는 일이 마음에 들지 않을 때도 ""그런 일을 하시다니… 당신은 참으로 어리석군요""하는 푸념으로 그친다.",OOOOBIOOBOOOOOBOOBIOOOOOOOOBOOOOOOBOOOOOOOOOOOOOOOOOOOOOOOOOBIOOOOOOO
70720,"저의 계획은 그 행렬의 선두에 대왕과 왕자를 앞세워 여인들을 선도해나가게 하려는 겁니다.""",OOOBIOOOOBIOOBIOOBIOOBIOOOOOOBIOOOBIOOOOOOOOOOOOOO
42664,선녀 이야기의 한 과목은 짧은 동시로 시작된다.,BIOBIIOOOOBIOOOOOBIOOBIOOO
17251,사람들두 계속 지나다니고.,BIOOOOOOOOOOOO
67205,픽 하고 웃으면서 창고벽을 등진 채 양쪽에 서 있는 두 남자를 번갈아 노려보았다.,OOOOOOOOOOBIOOOOOOOOBIOOOOOOOOOBIOOOOOOOOOOOO
57299,"이 고개는 현 상도터널 입구를 지나 노량진 본동 입구에서 서남쪽으로 매봉산을 향해 올라가 다시 상도동 대림아파트 쪽으로 넘는 고개로 흔히 '만냥고개'로 불려지고 있는 고개인데, 원명은 소사현(素沙峴)이었으나 정조의 현륭원 능행시 개명된 이름이다.",OOBIOOOOBIIIOBIOOOOOBIIOBIOBIOOOBIIOOOBIIOOOOOOOOOOOOBIIOBIIIIOOOOOOOOBIOOOOOOBIIIOOOOOOOOOOOBIOOOOBIOOBIIOOOOOOOOOOBIOOBIIOBIOOBIOOBIOOO
58379,상주는 중얼거렸다.,BIOOOOOOOO
9629,"이 대변인은 사퇴 촉구 이유로 △전국구 전재희 의원 재·보선 공천 등 소속 의원 사병화 △국회직 특정지역 싹쓸이 인사 △사무처 인사 줄세우기 등의 사례를 들고, ""국회를 이 후보의 선거운동장화하겠다는 지도부 공언을 입증이라도 하듯 우리 당 대표연설에 대해 야유한 것은 이해하기 힘든 의회파괴 행위""라고 주장했다.",OOBIIOOBIOBIOBIOOOBIIOBIIOBIOOOBIOBIOOOBIOBIOBIOOBBIOOBIOOOBIIOBIOOBIIOBIOBOOOOOOOBIOOOOOOOBIOOOOBIOOBIIOOOOOOOOBIIOBIOOBIOOOOOOOOOOBOBIOOOOOOOBIOOOOOBIOOOOOOBIOOOBIOOOOBIOOO
28226,추석 바로 전날이어서 수업이 일찍 끝났는지 집으로 돌아오는 시간이 여느 날에 비해 훨씬 빨랐다.,BIOOOOBIOOOOBIOOOOOOOOOOBOOOOOOOOBIOOOOOBOOOOOOOOOOOO
22589,"""이분들은 지역사회 소식지인 '푸른언덕'을 만드시는 분들이야.",OOOOOOBIOOOBIIOOOBIIIOOOOOOOOOOOOO
47920,새하얀 아침 햇살이 현관문을 뚫고 들어와서는 마루 끝에 조용히 머문 채 그림자처럼 길게 드러누웠다.,OOOOBIOBIOOBIIOOOOOOOOOOOBIOBOOOOOOOOOOOBIIOOOOOOOOOOOO
39591,"이거 봐 이거,",OOOOOOOO
19162,"""요즈음 제 마음은 갈팡질팡할 때가 많아요.",OBIIOOOBIOOOOOOOOBOOOOOO
14258,멀거니 서서 지나가는 차를 구경하는 것이겠지만 창권이 내외에겐 이상히 무서워 보인다.,OOOOOOOOOOOOBOOBIOOOOOOOOOBIIOBIOOOOOOOOOOOOOOO
28722,"1990) 등이 Bergey's Manual과 잘 일치하지 않는 특수한 성질을 나타내고 있다(Lee, 1996).",OOOOOOOOOOOOOOOOOOOOOOOOOOOOBIOOOOOOBIOOBIOOOOOOOOOOOOOOOOOOOOO
47815,"또는 그렇지 않은,",OOOOOOOOOO
9630,"그 몇 달 전에는 모스크바 라디오의 영웅 다체프 아나운서가 뉴스를 하다가 ""소련이 아프가니스탄을 침공했다""고 해서 큰 난리가 났던 일이 있었다.",OOOOBOBOOOBIIIOBIIOOBIOBIIOBIIIOOBIOOOOOOOBIOOBIIIIIOOBIOOOOOOOOOOBIOOOOOBOOOOOO
54871,"자 십 오 비비,",OOOOOOOOO
46531,턱 바로 밑에 몇 개인지 할퀸 상처가 깊게 나 있었다.,BOOOOBOOOOOOOOOOOBIOOOOOOOOOOO
64782,이른바 '쓰리에스 정책'이라 일컬어지던 '우민화 정책'을 대학생들에게 강력히 추진했다.,OOOOOBIIIOBIOOOOOOOOOOOBIOOBIOOOBIOOOOOOOOOBIOOO
11460,"축구중계, 야구중계, 농구중계, 뉴스, 디스크자키, 공개방송 등 이 모든 것이 기본의 고전적 스타일이 있고 거기에 약간의 변형을 시도하고 개성의 멋을 부리는 것에 지나지 않는다.",BIOOOOBIOOOOBIOOOOBIOOBIIIIOOBIOOOOOOOOOOOOOBIOOBIOOBIIOOOOOOOOOBIOOBIOOBIOOOBIOOBOOOOOOOOOOOOOOOOO
10273,이때에 말(➏번)은 말에 대하여 말한다.,BIOOBOOOOOOBOOOOOOBOOO
37096,개인용컴퓨터의 운영체제로 쓰기엔 다소 덩치가 크고 관리하기가 까다로운 단점이 있으나 한번쯤 익혀두는 것도 좋다.,BBIIOOOOBIOOOOOOOOOOOBIOOOOOBIOOOOOOOOOBIOOOOOOBIIOOOOOOOOOOOO
38446,'고아원'을 고친 이름이다.,OBIIOOOOOOBIOOO
62273,다 해 놨어요.,OOOOOOOO
4622,"형 친구가 광운대를 나왔는데,",BOBIOOBIIOOOOOOO
71011,니가 서울대 갈 거야?,OOOBIIOOOOOO
9791,"왜냐 하면, 이르 요론트 사람들이 처음으로 받아들여 본격적으로 쓰기 시작한 유럽 물건이 쇠도끼이기 때문이다.",OOOOOOOBIOBIIOBIOOOBIOOOOOOOOBIOOOOOOOBIOOBIOBIOOBIIOOOOOOOO
45771,"미국의 언론정치에서 매체전문가를 포함하여 선거전문가들은 후보자 이름의 인지도를 높이고, 후보자의 호의적 이미지를 창출하고, 유권자로 하여금 후보자가 이길 수 있다고 믿게 하고, 선거운동 사무실에 언론인들이 자유롭게 출입할 수 없도록 그들을 통제하는 등의 보호장치를 제공하고, 선거운동원을 고무하기 위해 언론에 정보를 흘리거나 유포하는 등의 선거운동 내부의 커뮤니케이션을 수행하고, 경쟁후보로부터 유권자를 빼앗기 위한 부정적 선거운동을 전개한다(Arterton, 1984 ; Sabato, 1981).",BIOOBIOOOOOBIIOOOOBIOOOBIIOOOOOBIIOBIOOBIIOOOOOOOBIIOOBIOOBIIOOBIOOOOBIIOOOOOOBIIOOOOOOOOOOOOOOOOOOBIOOOBIIOOBIIOOOBIOOOBIOOOOOOOOOOOOBIOOOOOOBIOOOOBIOOOOBIIOOOOBIOOOOOOBIOOBIOOOOOOOBIOOOOOOBIOOOBIOOBIIIIIOOBIOOOOBIOOOOOOBIIOOOOOOOOOBIOOBIOOOOBIOOOOOOOOOOOOOOOOOOOOOOOOOOOOOOOOOO
30070,金泳三 대통령이 金正源 씨를 안기부 2차장에 임명한 것은 언젠가 그의 개혁 정책을 흐트러 놓는 걸림돌이 될 수도 있다』,OOOOBIIOOOOOOOOOBIIOOBIOOBIOOOOOOOOOOOOBIOBIOOOOOOOOOBIIOOOOOOOOOO
45651,"글쓰기가 수단의 일종이라면, 그것은 기호의 차원에 머문다든가, 기껏해야 의사소통의 범주에 들고 만다.",BIIOOBIOOBIOOOOOOOOOBIOOBIOOOOOOOOOOOOOOBIIIOOBIOOOOOOOO
9704,"또 좋은 사회인, 좋은 시민이란 말이 곧 좋은 직장인이나 좋은 가정인을 의미하지 않을 때도 많다.",OOOOOBIIOOOOOBIOOOBOOOOOOOBIIOOOOOOBIIOOBIOOOOOOBOOOOO
64285,어느덧 긴 겨울이 가고 퀴퀴한 겨울냄새를 몰아내기 위해서라도 자주 창문을 열어야 할 만큼 날씨가 풀리고 해가 길어졌다.,OOOOOOBIOOOOOOOOOBIOOOOOOOOOOOOOOOOOOBIOOOOOOOOOOOBIOOOOOOBOOOOOOO
45690,심지어 탈출을 기도하는 죄수도 생깁니다.,OOOOBIOOBIOOOBIOOOOOOO
22944,송유석의 역투에 힘입어 가까스로 승리를 지켜내기는 했지만 여전히 꺼림칙한 구석은 남았다.,BIIOOBIOOOOOOOOOOOBIOOOOOOOOOOOOOOOOOOOOOBIOOOOOO
4447,"옴찍 못하고 일방적으로 당하기만 하면 으레 허망한 법이고, 이래서 죽음의 공포에는 허무의 잔인한 그늘이 드리워져 있는 것이다.",OOOOOOOBIOOOOOOOOOOOOOOOBIOOBOOOOOOOOBIOOBIOOOBIOOBIOOBIOOOOOOOOOOOOOO
5860,그런 생각을 할 수가 없지::.,OOOBIOOOOOOOOOOOO
69068,그러나 나의 얄팍한 지식과 덜 여문 인격으로서는 자아성취의 그런 주인공을 만들어 낼 수가 없었다.,OOOOOOOOOOOBIOOOOOOOBIOOOOOBIOOOOOOOBIIOOOOOOOOOOOOOOO
56314,"38도선이 그어지면서 해방이 된 것은 물론 분단가능성과 분단위험성이 나타난 일이었지만, 38도선이 그어졌다는 것이 곧 분단 그 자체를 말하는 것은 아니었기 때문이다.",OOOBOOOOOOOOBIOOOOOOOOOOBIOOOOOBIOOOOOOOOOBOOOOOOOOOBOOOOOOOOOOOOOBIOOOBIOOBOOOOOOOOOOOOOOOO
3497,그녀는 옷도 갈아입지 않은 채였다.,OOOOBOOOOOOOOOOOOOO
56952,2% 가산.,OOOBIO
55681,어느날 어머니는 세진을 데리고 덕수궁으로 갔다.,OOBOBIIOOBIOOOOOOBIIOOOOOO
31044,"우리 나라의 강설량은 영동, 남서 해안 지방, 울릉도에 많다.",OOOBIOOBIIOOBIOOBIOBIOBIOOBIIOOOOO
19900,"이 어린이에게 뜨거운 박수를 보냅시다!""",OOBIIOOOOOOOBIOOOOOOOO
74901,장윤 씨가 만태와 병수를 고급 룸살롱으로 데려갔다든가 그럴 것을 미리 알고 자기는 일부러 빠졌다든가 하는 이야기들은.,BIOOOOBIOOBIOOBIOBIIOOOOOOOOOOOOOOOOOOOOOOOOOOOOOOOOOOOOOOOBIIOOO
7921,우리는 일본의 PKO 참여에 반대했다.,OOOOBIOOOOOOBIOOBIOOO
13967,그들을 기존의 남성/여성 이분법적인 가치관으로 따질수 없다면 제3의 성으로 인정하고 그들 나름대로의 인권을 보호해주어야 한다고 생각합니다.,OOOOBIOOBBIOOOBIIOOOBIIOOOOOOOOOOOOOOOBOOOBIOOOOOOOOOOOOBIOOBIOOOOOOOOOBIOOOO
19104,"그런 인제~ 알림판이 있었어요 그래서,",OOOOOOOBIIOOOOOOOOOOO
53771,"이 다음에 우리 재용이, 재길이한테 그런 엉터리 기집애들이 얻어걸리면 어떡하죠? 재용이 걔는 또 모르겠지만, 당신 닮아서 매사가 물러터지기만 한 재길이는 한번 풍덩 빠졌다 하면 그런 기집앤 줄도 모르고, 그 쓸개 빠진 놈처럼 물인지 불인지 분간 못 하고설랑 허겁지겁 헤매고 다니기 십상일텐데, 그러면 나 속상해서 어쩌죠?""",OOBIOOOOOBIIOOBIIOOOOOOBIIOBIIOOOOOOOOOOOOOOOBIIOOOOOOOOOOOOOOOOOOOOBIOOOOOOOOOOOBIIOOBIOOOOOOOOOOOOOOOOOOOOOOOOOOOOBIOOOOOOOOBOOOBOOOBIOOOOOOOOOOOOOOOOOOOOOBIOOOOOOOOOOOOOOOOOOOOO
14970,꽃물이에요.,BIOOOO
74139,목중2 : (옷을 벗어 놓고 바지띠를 잡고) 벗구 놀자 놀자 하기로 자 벗었다.,BIOOOOOBOOOOOOOOBIOOOOOOOOOOOOOOOOOOOOOOOOOO
42527,로라는 선뜻 대답을 하지 않고 조용히 미소만 짓고 있었다.,BIOOOOOBIOOOOOOOOOOOOBIOOOOOOOOO
66288,아니 발제를 제대로,OOOBIOOOOO
39567,난에 주는 이상적인 물은 빗물이나 못물이지만 수돗물도 상관 없다.,BOOOOOBIOOOBOOBIOOOBIOOOOBIIOOBIOOOO
18551,"여기서는 평가 기준이라는 거는,",OOOOOBIOBIOOOOOOO
39859,"촉각에서 청각으로 →싸늘한 목소리, 부드러운 음성, 날카로운 소리",BIOOOBIOOOOOOOOBIIOOOOOOOBIOOOOOOOBI
34697,그저 괘씸하다는 생각뿐이고 혼자 알고 비밀로 해둘 작정이었는데 갑자기 정문에서 잉하는 소리가 들리고 나도 모르게 그 마후라를 꺼내 하 장관에게 주었습니다.,OOOOOOOOOBIOOOOBIOOOOBIOOOOOBIOOOOOOOOOBIOOOOOOOBIOOOOOOOOOOOOOOOBIIOOOOOBOBIOOOOOOOOO
47286,그것은 작가의 선천적 재능과 직결된다고 할 수 있다.,OOOOBIOOBIOOBIOOBIOOOOOOOOOOO
34219,문장이란 그저 뜻만 전하면 되는 것이 아니다.,BIOOOOOOBOOOOOOOOOOOOOOOO
33021,"""설마 국가안전국이라고 생각하는 건 아니죠?""",OOOOBIOOOOOOOBIOOOOOOOOOO
11668,그이가 아이의 이마를 짚었다.,OOOOBIOOBIOOOOOO
9981,효철은 병원에 오기 전에 시계방을 지나다 불쑥 들어가 시계를 새로 샀다.,BIOOBIOOOOOBOOBIIOOOOOOOOOOOOOBIOOOOOOOO
35177,"미국은 지금까지 15차례의 올림픽 중 14번 출전, 12번 금메달을 땄다.",BIOOBIOOOOOBIOOBIIOOOOOOOBIOOOOOOBIIOOOOO
29503,"같이 이렇게 보시고,",OOOOOOOOOOO
59898,지금까지 살펴본 바와 같이 사회자본은 한약분쟁의 발생·심화·해결에 있어서 중요한 요소로 작용하였다.,BIOOOOOOOOOOOOOBIOOOOBIOOOOBBIOOOOOOOOOOOBIOOBIOOBIOOOO
12399,그 아저씨가 막 인상을 딱 찌푸리구.,OOBIIOOOOBIOOOOOOOOO
55383,"""자, 조심하시우.",OOOOBIOOOO
31786,이미 현대 자동차 등 여러 곳에서 해고 근로자들이 복직하고 있습니다.,OOOBIOBIIOOOOOOBOOOBIOBIIOOOBIOOOOOOOO
68988,"수인씨 교인화식 날 두고서 생겼나, 밥 먹으니 좋다.",BIIOBIIIOOOOOOOOOOOOBOOOOOOOO
65258,자신의 일을 스스로 관리하지 못하게 된 이후 우리의 환경은 열악해져갔다.,BIOOBOOOOOOBIOOOOOOOOOBIOOOOOBIOOOOOOOOO
23876,내 여자만은 순결했으면 좋겠다는 심보에는 도대체 기가 찰 지경이다.,OOBIOOOBIOOOOOOOOOBIOOOOOOOBOOOOOOOOO
70087,부드럽게 모든 것을 포용한다.,OOOOOOOOOOOBIOOO
52253,"조밥을 지을 때는 물에 약 30분 정도 불렸다가, 쌀과 함께 끓이면 된다.",BIOOOOOBOOBOOOOOOOOBIOOOOOOOBOOOOOOOOOOOO
1795,우리들이 비록 철거되어 천막에서 살지만 당신 교회에서 돈 삼만 원 받는 그런 거지가 아니요.],OOOOOOOOBIOOOBIOOOOOOOOOOBIOOOBOOOOOOOOOOOOBIOOOOOOO
49595,김범우도 대표되는 중도노선의 옹호는 [겨울골짜기]에도 그대로 적용됩니다.,BIIOOBIOOOBIOOOOBIOOBIIOOOOOOOOOOOBIOOOO
33788,요즈음은 애완동물을 많이 기르고 있기 때문에 아기가 고양이나 개한테 물리는 일이 있다.,BIIOOBIOOOOOOOOOOOOOOOOOOBIOOBIIOOBOOOOOOOBOOOOO
45589,"또 20일 오전 1시 20분쯤에는 동대문구 장안 2동 경춘연립주택 앞길에 세워져 있던 양영한 씨(44·자동차 정비업)의 코란도 승용차에 불이 났으며, 같은 날 오전 2시 30분에는 이곳에서 3백여m 떨어진 장안 2동 미성식품 앞길에 있던 11t트럭 밑에서 헝겊 조각이 불타고 있는 것을 주민들이 발견, 진화했다.",OOOOOOBIOOOOOOOOOOOBIIIOBIOOBOBIOOOOOBIOOOOOOOOOBIIOOOOOOBIIOBIIOOOBIIOBIIOOBOOOOOOOOOOBOBIOOOOOOOOOOOOOOOOOOOOOOOOBIOOBOBIIIOBIOOOOOOOOBIOBOOOBIOBIOOOOOOOOOOOOBIOOOBIOOBIOOO
44262,이거 그러면 이걸 오십 퍼센트로 쳐 주고::.,OOOOOOOOOOOOOOOOOOOOOOOOO
56019,무럭무럭 커서 어머니의 옷도 사드리겠습니다.,OOOOOOOOBIIOOBOOOOOOOOOO
16526,"회냉면,",BIIO
23447,"분명 당한 사람은 여자인데, 비난의 시선마저 여자를 향한다.",OOOOOOBIOOBIOOOOBIOOBIOOOBIOOOOOO
62295,나는 이렇게 생각하면서도 단념하기가 아쉬웠다.,OOOOOOOBIOOOOOBIOOOOOOOOO
7768,나라 걸 나라를 물어 보더라구요.,BIOOOBIOOOOOOOOOOO
27337,문태는 미영의 말을 '키스가 아니라 포옹'이라 해석하고 있었는데 그녀의 후렴은 계산에서 빗나갔다.,BIOOBIOOBOOOBIOOOOOOBIOOOOBIOOOOOOOOOOOOBIOOBIOOOOOOOO
34321,"근데 그~ 여기서 삼킴 장애를 말 언어 장애에서 하는 이유 중의 하나는,",OOOOOOOOOOOOOBIOOBOBIOBIOOOOOOBIOOOOBIOO
27855,토악질이 그녀의 내장을 뒤틀고 있었다.,BIIOOOOOOBIOOOOOOOOOO
60231,수저와 젓가락을 챙기고 무우를 넣어 졸인 고등어 한쪽과 김치가 담긴 식판에 오이냉국과 밥그릇을 담아 자리에 앉았다.,BIOOBIIOOOOOOBIOOOOOOOOBIIOBIOOBIOOOOOBIOOBIIIOOBIIOOOOOBIOOOOOO
65897,"육십사년생은 안 많지,",OOOOOOOOOOOO
40309,"""영배씨는 빨래 안 널었소?""",OBIOOOBIOOOOOOOO
45410,그렇다면 기자의 취재상의 거짓은 진실을 밝히기 위한 것이라 할지라도 허용되어서는 안 되는 것인가.,OOOOOBIOOBIOOOBIOOBIOOOOOOOOOOOOOOOOOOBIOOOOOOOOOOOOOO
64041,섬세·꼼꼼·세심의 의미 11.4%로,OOOOOOBIOOBIOOOOOOO
11084,시험 그거 준비는 하구.,BIOOOOBIOOOOO
18186,깜장 고무신.,BIOBIIO
36712,그러면서 경영이 정상화되면 조회장이 경영에 복귀할 수도 있다고 얘기하고 있다.,OOOOOBIOOBIOOOOBIOOOBIOOBIOOOOOOOOOBIOOOOOO
17958,안치환 씨 등의 가수가 초대가수로 출연한다.,BIIOOOOOOBIOOBIOOOOBIOOO
42277,"감수성분열론을 최대한으로 활용할 때 엘리어트 자신의 시에 관해 어떤 문제들이 핵심적으로 드러나는가를 살펴보려는 것일 뿐인데, [재의 수요일](Ash Wednesday)(1927~30)과 특히 {네 편의 사중주}(1936~42)로 대표되는 후기의 '종교적'인 시에 대해서도 같은 관점에서 몇 마디 보태기로 한다.",BBIOOOOOBIIOOOBIOOBOBIIIOBIOOBOOOOOOOOBIOOOBIOOOOOOOOOOOOOOOOOOOOOOOOOOBOOBIIOOOOOOOOOOOOOOOOOOOOOOOOOOOOOOOOOOOOBIIOOOOOOOOOOOOBIOOOBIOOOBIOOOOBOOOOOOOOOOBIOOOOOBIOOOOOOOOO
67192,"부속서는 사실상 무효 아니냐""고 따졌다.",BIIOOBIOOBIOOOOOOOOOOO
5026,휴전회담장에 나타난 이라크군 장군들은 백기를 들고 오지 않았다.,BIIOOOOOOOOBIIIOBIOOOBIOOOOOOOOOOOO
7010,60년대 초 태풍이 발생하는 지점에 요오드화은을 살포해 태풍을 소멸시키는 스톰퍼리 계획이 추진되기도 했으나 실패하고 말았다.,OOOOOOOBIOOBIOOOBIOOBIIIIOOBIOOBIOOBIOOOOBIIIOBIOOBIOOOOOOOOBIOOOOOOO
72707,요즈음 우리 나라에서는 과거에 터부시되어 왔던 성교육이 활발히 진행되고 있다.,BIIOOOOBIOOOOBIOOBIOOOOOOOBIIOOOOOOBIOOOOOO
71800,이블리예프(Ivliev A.,BIIIIOOOOOOOOOO
73957,임종 간호의 책임은 주로 비의료진인 가족과 친구 또는 이웃들과 병원이나 지역사회의 전문 의료진들이 나누어 맡게 된다.,BIOBIOOBIOOOOOOBIIOOBIOOBIOOOOBIOOOBIOOOBIOOOOBIOBIIOOOOOOOOOOOOO
28411,이것은 의 이른 바 삼주설법(三周說法)의 정의이다.,OOOOOOOOOOOBIIOOOOOOOOOBIOOO
28071,"콩을 주원료로 한 장(醬)은 우리 식생활에서 빼놓을 수 없는 중요한 발효식품이기도 하지만, 그 조장풍속(造醬風俗)과 주변문화 또한 우리 선조들에게는 단순한 발효식품 이상의 중요한 의미를 가지고 있었다.",BOOBIIOOOOBOOOOOOOOBIIOOOOOOOOOOOOBIOOBIOOOOOOOOOOOOOBIOOOOOOOOOOBIOOOOOOOOOBIOOOOOBIOOBIOOOBIOOBIOOBIOOOOOOOOOO
22077,"유사에도 분명히 적혀 있듯이, 왕은 용에게 대나무의 의미를 묻는다.",BIOOOOOOOOOOOOOOOBOOBOOOBIIOOBIOOOOOO
9856,한국은 세계 5번째의 이지스함 보유국가가 되는 셈이다.,BIOOBIOOOOOOBIIOOBIOOOOOOOOOOO
16742,그러나 이것은 시간적 경제적 손실이 매우 커 잘 사용되지 않는다.,OOOOOOOOBIOOBIOOBIOOOOOOOOOBIOOOOOOO
49800,'상징적 존재'라고나 할까.,OBIOOBIOOOOOOOO
13030,"아 그니까 하급 부댄 일 주일이야,",OOOOOOBIOOOOOOBIOOO
63190,우면동의 정승 산소자리가 또 명당이라고 한다.,BIIOOBIOBIOOOOOOBIOOOOOOO
20459,그는 이제 몹시 뻔뻔스러워져서 K쪽을 힐끔 돌아보는 일조차 없이 계속해서 사탕을 입에다 털어넣고 있었다.,OOOOOOOOOOOOOOOOOOOOOOOOOOOOOBOOOOOOBIOOOBIOOBOOOOOOOOOOOO
74531,공무상 편지에는 성명 위에 자기의 職名도 적는다.,BIOOBIOOOBIOBOOOOOOOOOOOOOO
72250,내 자녀가 대학교 가면은?,OOBIOOBIIOOOOO
45004,"일본놈들이 물러가니까,",BIIOOOOOOOOO
28539,"또 국내 대학 중 최초로 2학기부터 연구에만 전념하는 '연구 전담 교수'를 공개 채용하는 한편, 기존 교수들의 강의 부담을 덜어주고 연구를 활성화하기 위하여 '강의 전담 교수제'를 도입키로 방침을 정했다.",OOBIOBIOOOBIOOOBIOOOBIOOOBIOOOOBIOBIOBIOOOBIOBIOOOBIOOBIOBIOOOBIOBIOOOOOOOBIOOBIOOOOOOOOOBIOBIOBIOOOOBIOOOBIOOOOOO
32403,환자가 사시가 있는 경우라면 비특이적 현기증이나 불규칙한 복시의 가능성이 있다.,BIOOBIOOOOOBIOOOOBIOOBIIOOOOBIOOBIOOBIOOOOOO
27928,"나, 원 야젓스러워서…""",OOOOOBIOOOOOO
26159,무슨 비밀 얘기들이 그리두 많은지 아무 일이나 다 쉬쉬예요.,OOOBIOBIOOOOOOOOOOOOOOBOOOOOOOOOO
67355,복식은 유행을 탄다.,BIOOBIOOOOO
45375,"이밖에 중구 정동 덕수 국교측도 ""전체적인 인원수는 아직 파악하지 못했으나 최소한 8 명이 정신대에 끌려간 것이 확인되고 있다""고 말했다.",OOOOBIOBIOBIOBIOOOOBIOOOBIIOOOOOBIOOOOOOOOBIIOOOOOOBIIOOOOOOOOOBIOOOOOOOOBOOO
22141,"이들 업종은 지난해 장사를 잘한 대표적 호황업종이거나, 소득표본 조사결과 평소 소득 누락액이 많은 업종으로 파악됐기 때문이다.",OOOBIOOBIIOBIOOOOOBIOOBIOOOOOOOBIOOOBIOOOBIOBIOBIIOOOOOBIOOOBIOOOOOOOO
22472,그러니까 갑자기 위협을 해본다는 거죠.,OOOOOOOOOBIOOOOOOOOOO
51927,그러니까 나의 세계와 공동의 세계와 교감이 이루어지는 구체적인 매체로서의 어떤 사물이나 사건이 동시에 관여하여 비로소 교감은 성립한다.,OOOOOOOOBIOOBIOOBIOOBIOOOOOOOOBIOOOBIOOOOOOOBIOOOBIOOBIOOBIOOOOOOOBIOOBIOOO
61564,"또 여성의 어머니로서의 역할도 아프리카, 동구, 아시아에서 각기 79%, 68%, 56%의 높은 지지를 받고 있지만, 서구와 북미에서는 매우 대조적인 25%와 14%의 지지만을 받고 있다.",OOBIOOBIIOOOOBIOOBIIIOOBIOOBIIOOOOOOOOOOOOOOOOOOOOOOOOBIOOOOOOOOOOBIOOBIOOOOOOOBIOOOOOOOOOOOOOBIOOOOOOOOO
47459,부친이 읍내 일본 순사 끄나풀 노릇을 했다는 것이다.,BIOOBIOBIOBIOBIIOBIOOOOOOOOOO
22655,빗자루를 거꾸로 세워 놓은 듯한 키 큰 미루나무가 도열해 있는 신작로는 경상북도의 내지에 있는 외가 가는 길과 꼬옥 닮은 꼴이었다.,BIIOOOOOOOOOOOOOOOBOOOBIIIOOBIOOOOOBIIOOBIIIOOBIOOOOOBIOOOOBOOOOOOOOBOOOO
5898,36거리의 중요한 기능은 시장이었을 것이다.,OOBIOOBIOOBIOOBIOOOOOOOO
53072,그야말로 외계인을 만난 것같이 신기스러웠다.,OOOOOBIIOOOOOOOOOOOOOOOO
14395,하지만 여전히 놓아주지 않았다.,OOOOOOOOOOOOOOOOO
31604,"이탈리아를 꺾고 난 뒤에는 ""우리는 이제 세계 축구의 변방에서 중심으로 이동한다""며 기염을 토했죠.",BIIIOOOOOOOBOOOOOOOOOOOBIOBIOOBIOOOBIOOOBIOOOOOBIOOOOOO
57123,"즉 환경 호르몬은 체내에 들어가면 여성 호르몬처럼 작용, 정자수를 감소시키고 수컷을 암컷화시킨다.",OOBIOBIIOOBIOOOOOOOBIOBIIOOOBIOOBIOOOBIOOOOBIOOBIOOOOO
13876,"중요한 얘기예요""",BIOOBIOOO
43253,2년 넘게 포항제철을 취재했다는 작가는 광양제철소의 입지선정에 얽힌 이야기까지 다루고 있다.,OOOOOOBIIIOOBIOOOOBIOOBIIIIOOBIOOOOOOOBIIOOOOOOOOOO
9517,그러나 내 삶의 기준에 '불의'라고 판단되는 것에 대해서는 타협을 해서는 안 된다고 생각한다.,OOOOOOBOOBIOOOBIOOOOBIOOOOOOOOOOOBIOOOOOOOOOOOOBIOOO
10403,또 한 번은 Y대학교 앞 술집에서 술자리가 벌어졌는데 한쪽 옆에서 젊은이들이 시국에 관한 열띤 토론을 하고 있었다.,OOOOOOOOBIIOBOBIOOOBIIOOOOOOOOBIOBOOOBIIOOOBIOOOOOOOOBIOOOOOOOOO
23603,"검찰로 송치돼야 면회가 된다는구만요.""",BIOOBIOOOBIOOOOOOOOOO
6287,그런 인과 관계가 설립되는 일반적 현상은 또한 자연 법칙적 현상이라고도 한다.,OOOBIOBIOOBIOOOBIOOBIOOOOOBIOBIOOBIOOOOOOOO
8630,정부는 9일 오전 김대중 대통령 주재로 열린 국무회의에서 월드컵 4강 신화를 계기로 국민 대화합을 이루고 운전면허 취소 등으로 생활에 어려움을 겪고 있는 서민들의 불편을 덜어주기 위해 이런 특별감면 조처를 심의 의결했다.,BIOOOOOBIOBIIOBIIOBIOOOOOBIOOOOOBIIOOBOBIOOBIOOBIOOBIOOOOOOBIIIOBIOOOOOBIOOBIIOOOOOOOOBIOOOBIOOOOOOOOOOOOOBIOOOBIOOBIOBIOOO
21340,1학년 학생이 말문을 열었다.,OBIOBIOOBIOOOOOO
71152,줄곧 떨리던 그의 팔은 몸을 지탱하지 못하고 꺾였다.,OOOOOOOOOOBOOBOOBIOOOOOOOOOOO
60416,반대에 이렇게 빠져 들어가는 선수 쪽을 보질 못합니다.,BIOOOOOOOOOOOOOOBIOOOOOOOOOOOO
43550,"시위대는 저녁 8시 20분쯤부터는 도심으로 진출, 명동 성당 주변 을지로 입구 종로 2가 일대 등지에서 2만여명이 화염병과 돌을 던지며 경찰과 공방전을 벌였다.",BIIOOBIOOOOOOOOOOOOBIOOOBIOOBIOBIOBIOBIIOBIOBIOOOOBIOOOOOOOOOOOOBIIOOBOOOOOOBIOOBIIOOOOOO
2891,그런데 역시 언제나 귀를 기울이고 빈틈없이 듣는 쪽은 석만태였다.,OOOOOOOOOOOBOOOOOOOOOOOOOOOOOOBIIOOO
4637,당시 순경이었던 그는 모 치과 병원에 4인조 강도가 들었다는 신고를 받고 출동했다.,BIOBIOOOOOOOOOBIOBIOOBBOOBIOOOOOOOBIOOOOOBIOOO
62200,그리고 벌떡 일어났다.,OOOOOOOOOOOO
26395,그러던 그이에게 서 너 달 전쯤 영등포도서관에서 보낸 안내문이 한 장 배달되었다.,OOOOOOOOOOOOOBOBIOBIIIIIOOOOOOBIIOOOOOOBIOOOO
63725,그는 혼자 여름휴가를 보내던 울릉도에서 죽었다.,OOOBIOBIIIOOOOOOBIIOOOOOOO
33093,"국세청은 우선 선거관련 업종과 예식관련 업체·부동산 중개업소를 호황업체로 분류, 세금신고 내용을 중점 점검할 계획이다.",BIIOOOOOBIOOOBIOOBIOOOBBIIOOOBIOOOOBIOOOOBIOOBIOOOBIOOBIOBIOOBIOOO
35710,"""엄마는 너희들 때문에 고생하고 있어.",OBIOOOOOOOOOOBIOOOOOO
21019,수형자의 휴대금품은 교도소 또는 소년교도소에 영치하도록 되어 있다.,BIIOOBIOOOOBIIOOOOBIIOOOOBIOOOOOOOOOO
56126,"내일 그걸 인화해 여배우를 불러 확인하고, 그리구 거기 딸리는 인터뷰를 하면 다른 신문들은 땅을 칠 거야!",BIOOOOBIOOBIIOOOOOBIOOOOOOOOOOOOOOOBIIOOOOOOOOBIOOOBOOOOOOO
7355,"그니까 부서 분위기 자체가 그게,",OOOOBIOBIIOBIOOOOO
10410,가로막았다.,OOOOOO
23001,수읽기에서 김동수가 현대를 압도한 날이었다.,BOOOOOBIIOOBIOOBIOOBOOOO
35046,반면 신세계는 4쿼터서 2점슛 11개 중 1개만을 집어넣는 슛난조를 보이면서 힘없이 무너졌다.,BIOBIIOOOBIOOOOBOOOOOOOOOOOOOOOOOBIOOOOOOOOOOOOOOOOO
53524,문학은 문화와 더불어 인간의 삶과 존재방식과 사유에 대한 성찰이라는 똑같이 중요한 기능을 갖고 있기 때문이다.,BIOOBIOOOOOOBIOOBOOBIOOOOBIOOOOOBIOOOOOOOOBIOOBIOOOOOOOOOOOOO
51701,제임스 박은 그 많은 돈으로 무엇을 하는 것일까?,BIIOBOOOOOOOBOOOOOOOOOOOOOO
67236,고1이 끝나갈 무렵 비로소 우리는 공부를 하기 시작했다.,BOOOOOOOOOOOOOOOOOOBIOOOOOBIOOO
42128,나는 코피 흘리는 아이처럼 눈을 감은 채 침대 위에 얌전히 누워 있었다.,OOOBIOOOOOBIOOOBOOOOOOOBIOBOOOOOOOOOOOOO
4135,두 사람에 대한 불만은 우선 인물 평에서 나타난다.,OOBIOOOOOBIOOOOOBIOBOOOOOOOO
55807,그녀가 자주 그리는 모과도 직접 뜰에서 수확한 것들이라고 한다.,OOOOOOOOOOOBIOOOOOBOOOBIOOOOOOOOOOO
23835,하지만 그 위대함은 말 그대로 '거대함'을 의미하는지도 모르겠다.,OOOOOOOOOOOBOOOOOOBIOOOOBIOOOOOOOOOO
3602,필재가 오래 머물다시피 한 보람이 있어 태식은 곧 풀려 나왔지만 필재 보기에도 태식은 완전히 딴 사람이 되어 버린 것 같았다.,BIOOOOOOOOOOOOOBIOOOOOBIOOOOOOOOOOOOBIOOOOOOBIOOOOOOOOBIOOOOOOOOOOOOOO
23370,"80년대 ""몸은 김정구, 마음은 박남정""이라는 얘기가 있었다.",OOOOOOBOOBIIOOBIOOBIIOOOOOBIOOOOOO
24208,밀어?,OOO
70306,"내용은 유사하지만 형식은 다르다고 생각했고, 그중에서 문학 쪽으로 관심을 돌리게 된 것 같아요.",BIOOBIOOOOBIOOOOOOOBIOOOOBIOOOBIOOOOOBIOOOOOOOOOOOOOO
58935,"우리 같이 조용히 갑시다.""",OOOOOOOOOOOOOOO
11550,메카는 아버지(하셈)의 관대함으로 식량을 공급받고 그 아들의 용기로 구출되었다.,BIOOBBIOOOOOOOOOOOOBIOOBIOOOOOBIOOBIOOBIOOOO
28386,기승전결을 갖춘 특별한 줄거리 없이 우리 전통인형이 펼치는 음악극 11개를 묶었다.,BIIIOOOOOBIOOBIIOOOOOOOBIOOOOOOOOBIIOOOOOOOOOO
57509,나쁘게 했거든요?,OOOOOOOOO
63466,"""그건 아주 쉬운 일입니다.",OOOOOOOOOOBOOOO
13947,'하나를 위해 구만 구천구백구십구의 헛일을 해야 하는…',OOOOOOOOOOOOOOOOOOOOOBOOOOOOOOO
60263,길게 목청을 내뽑았다.,OOOBIOOOOOOO
38146,동네 사람들은 도둑이 들어온 것과 도둑이 들어올 때에 '베쓰'가 짖지도 않고 도둑질하는 것을 보고도 가만히 있었다는 이야기를 다 듣고 있는 모양이었다.,BIOBIOOOBIOOOOOOOOOBIOOOOOOBOOOBIOOOOOOOOOOBIOOOOOOOOOOOOOOOOOOOOBIIOOOOOOOOOOBIOOOO
24326,플라톤 : 재미있군.,BIIOOOOOOOO
3405,달아나는 자동차와 전차들도 새로운 흰 지붕을 이었다.,OOOOOBIIOOBIOOOOOOOOOBIOOOOOO
51307,"""외국 돈이 필요할 때는 가능하면 평소에 거래하는 주거래은행의 지점에서 바꾸는 것이 좋습니다.",OBIOBOOBIOOBOOBIOOOBIOOBIOOOBIIOOOOBIOOOOOOOOOOOOOOO
9206,직업이란 흔히 생계를 잇기 위해 하는 일이라고 간단히 생각하는 사람도 많다.,BIOOOOOOBIOOOOOOOOOOOBOOOOOOOOBIOOOBIOOOOO
62246,관능문학의 대가 나가이 가후의 활동방법은 그 좋은 예라 할 수 있다.,BIOOOOBIOBIIOBIOOBIOOOOOOOOOBOOOOOOOOO
63912,"""아니, 너 애비가 없다고 이러기냐? 어쩌면 시애미 상에 비린 생선꽁지 하나를 안 올리냐 안 올리길.",OOOOOOOBIOOOOOOOOOOOOOOOOBIIOBOOOOOBIOOOOOOOOOOOOOOOOOOO
8306,이러한 책임소재의 애매함은 전전의 일본 메이지(明治)헌법체제 자체의 중요한 특징으로부터 나온 것이었다.,OOOOBIOOOOOOOOOBOOOBIOBIIOBIOOOOOOBIOOOOOOBIOOOOOOOOOOOOO
23612,98.,OOO
1411,"이중 유가 증권과 제 2금융권 예금은 증가 규모가 전년보다 50%이상씩 늘었으나 은행 예금은 오히려 0.7%감소, 두드러진 대조를 보였다.",OOOBIOBIOOOOOBIOOBIOOBIOBIOOBIOOOOOOBIOOOOOOOBIOBIOOOOOOOOOOBIOOOOOOOBIOOOOOO
17555,그래서 비가 와도 비가 안 새는 집을 만들어 걱정없이 살아갈 수 있도록 도와주고 싶다.,OOOOBOOOOOBOOOOOOOBOOOOOOBIOOOOOOOOOOOOOOOOOOOOO
73382,정부는 조만간 국무회의에서 내년 예산안을 확정한 뒤 10월 국회에 올릴 예정이다.,BIOOOOOOBIOOOOOBIOBIIOOBIOOBOOOOOBIOOOOOBIOOO
31810,"(14) 정기적인 결막 윤활약을 눈에 투입하며, 구강 세척도 주의를 기울여 시행해야 한다.",OOOOOBIOOOBIOBIOOOBOOBIOOOOBIOBIOOBIOOOOOOBIOOOOOO
12082,그리고 문맹자를 위해서가 아니라 문자를 읽는 시간보다는 그림이 더 빨리 눈에 띄기 때문이다.,OOOOBIIOOOOOOOOOOOBIOOOOOBIOOOOBIOOOOOOOBOOOOOOOOOO
8599,성서에 금기로 열거된 새와 동물들은 대체로 두 범주로 선명하게 나눌 수 있다.,BIOOBIOOBIOOBOOBIOOOOOOOOOBIOOBIOOOOOOOOOOO
48858,어쨌든 무다리 소녀의 도움으로 소희네 펜팔부와 만날 약속은 뜻밖에도 쉽게 정해졌다.,OOOOBIOOBIOOBIOOOBIOOBIIOOOOOBIOOOOOOOOOOOOOOO
18698,K는 방금 반수 상태에서 들었던 그 비명소리에 대하여 생각했다.,OOOOOOBIOBIOOOOOOOOOBIOOOOOOOOBIOOO
42202,가잘 씨는 뜻밖에도 가족을 모두 이끌고 호텔에 나타났다.,BIOOOOOOOOOBIOOOOOOOOOBIOOOOOOO
24884,「고상경(上警).」,BIOOOOOOOO
1708,미군들이 껌이나 초콜릿 따위를 던져주기를 바라서였다.,BIOOOBOOOBIIOOOOOOOOOOOOOOOOO
51585,그리고 이 믿음을 이야기한다는 것은 또 하나의 이데올로기에의 도약이 된다.,OOOOOOBIOOBIIOOOOOOOOOOOOOBIIIIOOOBIOOOOO
45623,「문제 5」 다음은 학생들의 글에서 발췌한 잘못 사용된 부호들이다.,OBIOOOOBIOOBIOOOBOOOBIOOBIOBIOOBIOOOO
68815,왜 이렇게 될까?,OOOOOOOOO
11670,그러면서 아이를 황급히 안아올렸다.,OOOOOBIOOOOOOOOOOOO
5202,"내 늬 집이루 시집와서 슬 한번 제대루 뭇 쉔 건 고사허구 쌀밥 한 그릇 지대루 뭇 읃어먹어봤다만.""",OOOOBOOOOOOOOBOOOOOOOOOOOOOOBIOOOBIOOOBIOOOOOOOOOOOOOOOO
40020,"""와, 우리 조에도 기다리던 신입이 풀렸구나.""",OOOOOOOBOOOOOOOOBIOOOOOOOO
47123,현실은 흔히 '인간의 삶의 장'이라고 이야기되는데 그렇다면 도대체 그 삶의 장이라는 것은 무엇입니까? 그것은 구체적으로 '집단적이고 역사적인 삶의 장'을 말합니다.,BIOOOOOOBIOOBOOBOOOOOBIIOOOOOOOOOOOOOOOBOOBOOOOOOOOOOOOOOOOOOBIOOOOOBIOOOOBIOOOBOOBOOOBOOOO
6612,"1980년부터 RTL의 정치 뉴스를 담당하던 그녀에게 이듬해 7월, 라디오 프랑스(Radio-France)의 대표 이사 자리가 떨어진다.",OOOOOOOOOOOOOBIOBIOOBIOOOOOOOOBIIOOOOOBIIOBIIOOOOOOOOOOOOOOOOBIOBIOBIOOOOOOO
10498,"보아의 성공은 일본의 오리콘 차트를 정복한 뒤 낸 앨범인데다, 이제 성숙한 소녀로 돌아온 보아 자신의 매력이 덧붙여진 결과라는 게 가요관계자들의 진단이다.",BIOOBIOOBIOOBIIOBIOOBIOOBOOOBIOOOOOOOOBIOOBIOOOOOOBIOBIOOBIOOOOOOOBIOOOOOBIIOOOOOBIOOO
68543,"[임마, 진작에 그렇게 나와야지, 그럼 금반지 금목걸이는 어디서 훔쳤어?] [아저씨 정말 그건 훔친 게 아니라 쓰레기통에서 줏었어요.",OOOOOBIOOOOOOOOOOOOOOOBIIOBIIOOOOOOOOOOOOOOBIIOOOOOOOOOOOOOOOOBIIOOOOOOOOO
47278,봉지 속에 든 것은 삶은 달걀이었다.,BIOBOOOOOOOOOOBIOOOO
74694,눈앞에 천국으로 가는 계단이 부채처럼 촤르르 펼쳐진다.,BIOOBIOOOOOOBIOOBIOOOOOOOOOOOO
6223,"예컨대, 인생은 살아갈 만한 가치가 있다는 주장을 해온 사람들의 논거들을 모아 본다면 끝이 없을 것이다.",OOOOOBIOOOOOOOOOBIOOOOOOBIOOOOOBIOOOBIOOOOOOOOOOBOOOOOOOOO
55414,이불 있는 데까지가 쓰레기야.,BIOOOOOOOOOBIIOO
39761,가장 많은 것은 살아갈 자신을 잃은 사람들이다.,OOOOOOOOOOOOOBIOOOOOBIOOOO
3011,"""원래 여자 입술에서는 술맛이 나나요?""",OBIOBIOBIOOOOBOOOOOOOO
35608,계산기구의 발달은 동서양의 차이를 잘 보여준다.,BIOOOOBIOOBIIOOBIOOOOOOOOO
48611,저물어 가는 햇살을 받아 비늘처럼 번쩍거리는 강물을 거슬러 오르던 유람선은 마침내 그의 시야에서 사라졌다.,OOOOOOOBIOOOOOBIOOOOOOOOOBIOOOOOOOOOOBIIOOOOOOOOOBIOOOOOOOO
21645,그래서 그런 면에서 제가 확실하게 말씀드릴 수 있어요.,OOOOOOOBOOOOOOOOOOOBIOOOOOOOOO
11536,그 막,OOO
30355,어른이 보이지 않으면 찾는 것이 당연한 일 아닌가』,BIOOOOOOOOOOOOOOOOOOOOBOOOOO
6724,"뭐냐면은,",OOOOO
33024,"좋아하는 감정까지 인제 커 가는데,",OOOOOBIOOOOOOOOOOOO
20420,"북한에 의해 위협을 느낀 일본이 이미 축적된 민간 원자력 기술과 우주 로켓 기술을 이용, 비교적 빨리 자체 핵무장을 추진하고, 한국도 꼭 같은 방향으로 대응책을 마련하게 되는 것이다.",BIOOOOOBIOOOOOBIOOOOOBIOOBIOBIIOBIOOBIOBIOBIOOBIOOBIOOOOOBIOBIOOOBIOOOOBIOOOOOOOBIOOOBIIOOBIOOOOOOOOOO
34616,입 안이 까끌한 것이 담배맛이 영 나빴다.,BOBOOOOOOOOOBIOOOOOOOOO
49615,그녀는 이상한 분노에 사로잡히는 자신을 의식한다.,OOOOBIOOBIOOOOOOOOBIOOBIOOO
17890,청각장애인이나 뇌성마비 장애인 등은 전화를 통한 의사소통이나 정보접근이 거의 불가능하다.,BIIOOOOOBIOOOBIIOOOOBIOOOOOBIIIOOOBIOOOOOOOOBIOOO
56676,지폐는 비닐주머니 안에 담겨 있었다.,BIOOBIIOOOBOOOOOOOOO
58138,"진짜 좀쫌,",OOOOOO
32920,어머니가 꾹꾹 눌러 담아 주시는 밥 한 그릇을 다 비우고 국 한 그릇까지 말끔히 후루룩 들이마시고 나면 설마 배가 이렇게까지 고프지는 않을 텐데… 내가 이런 생각에 잠긴 채 시무룩히 앉아 있자 영달이가 갑자기 내 눈치를 살피며 말했다.,BIIOOOOOOOOOOOOOOOBOOOBIOOOOOOOOBOOOBIOOOOOOOOOOOOOOOOOOOOOOOBOOOOOOOOOOOOOOOOOOOOOOOOOOBIOOOOOOOOOOOOOOOOOOBIIOOOOOOOOBIOOOOOOBOOO
19155,네가 동생보다 힘이 약하다면 넌 그때도 동생을 때릴 수 있었겠니? 그리고 아빠의 경우를 생각해 보렴.,OOOBIOOOBOOOOOOOOOBIOOBIOOOOOOOOOOOOOOOOOBIOOBIOOBIOOOOO
20241,그런 의미에서 산다는 것과 배운다는 말은 같은 의미의 두 가지 표현이다.,OOOBIOOOOOOOOOOOOOOOBOOOOOBIOOOOOOOBIOOO
32548,실제의 계절보다 빨라진다.,BIOOBIOOOOOOOO
73484,"새벽 거리를 쓸어 가는 환경 미화원 아줌마로부터 골목길에서 구슬치기를 하는 꼬마아이들까지, 모두들 그렇게 알고 있었다.",BIOBIOOOOOOOOBIOBIIOBIIOOOOBIIOOOBIIIOOOOOBIOOOOOOOBIOOOOOOOOOOOOO
5962,인간이라는 이름의 중생들은 끝없이 밀려오고 있는 것이었습니다.,BIOOOOBIOOBIOOOOOOOOOOOOOOOOOOOOOO
7043,"두 개가 틀리대,",OOOOOOOOO
50565,우는 애를 보는 일은 정말 지치는 일이었고 지겨운 일이었다.,OOOBOOOOOBOOOOOOOOOBOOOOOOOOBOOOO
12402,"첫째, 전통은 역사적 개념이다.",OOOOBIOOBIOOBIOOO
64763,"교육과 문화 전체에 생명에 대한 공경이 결핍되어 있는 현실에서, 생명에 대한 공경, 생명의 세계관을 기본 내용으로 하는 새로운 문화가 정착되어야 할 것이며 이것이 새로운 통일문화, 새로운 사회적 이상에로 연결되어 나가야 할 것입니다.",BIOOBIOBIOOBIOOOOOBIOOBIOOOOOOBIOOOOBIOOOOOBIOOBIOOBIIOOBIOBIOOOOOOOOOOBIOOBIOOOOOOOOOOOOOOOOOOBIOOOOOOOOBIOOBIOOOBIOOOOOOOOOOOOOO
28139,"""어쨌든 큰아주머니만 불평이 없으시다면 잘 되었습니다그려.",OOOOOBIIIIOOBIOOOOOOOOOOOOOOOOOO
5879,따라서 당조직의 재건이나 유격투쟁은 고사하고 최소한의 생존을 위한 보급투쟁마저도 지난하게 되었다는 말입니다.,OOOOBIOOOBIOOOBIOOOOBIOOOBIIOOBIOOOOOBIOOOOOOOOOOOOOOOOBOOOO
24030,1주일에 1회 이상의 술자리에 참석하고 있다.,OOOOOOOOBIOOBIIOOBIOOOOOO
35509,"""아이구, 염라대왕도 무슨 심문이 그래요? 일을 해야지 왜 헛되이 놀러 다녀요? 물을 것을 물으셔야지요?""",OOOOOOBIIIOOOOOBIOOOOOOOBOOOOOOOOOOOOOOOOOOOOOOOOOOOOOOOOOO
32859,이와 같은 발작은 발작성 수면 환자들 그리고 피크위키안 증후군 (Pickwickian syndrome)의 과다수면증 환자나 기타 다른 형태의 수면 무호흡증 환자들에서도 관찰이 된다.,OOOOOOBIOOBIOOBIOBIOOOOOOBIIIIOBIIOOOOOOOOOOOOOOOOOOOOOOOOOBIIOOOBIOOBIOOOOBIOOBIOOBIIOBIOOOOOBIOOOOO
49498,이렇게 됨으로써 신화는 이제 단순한 이야깃거리가 되어 서서히 그 힘을 잃어 가는 것이다.,OOOOOOOOOBIOOOOOBIOOBIIIIOOOOOOOOOOOBOOOOOOOOOOOO
13522,"다른 어족보다는 같은 어족, 같은 어족 내에서는 다시 같은 語群·語派에 속할수록 친족성이 짙어 공통성을 많이 내포하고 있음은 물론이다.",OOOBIOOOOOOOBIOOOOOBIOOOOOOOOOOOOOOOOOOOOOOOOBIOOOOOOBIOOOOOOBIOOOOOOOBIOOO
62025,그리고 가장 중요한 것은 중요지점에 위치한 슈퍼마켓에는 매주 평균 약 2만∼4만 명까지의 고객들이 북적거린다는 점이다.,OOOOOOOOOOOOOOOOBIOOBIOOBIIIOOOOOOBIOOOOOOOOOOOOOOBIOOOOOOOOOOBOOO
64997,"본시 자연의 산물이요, 조상의 후손인 도시민들은 주기적으로 도시를 탈출해야 한다.",BIOBIOOBIOOOOBIOOBIOOBIIOOOBIOOOOBIOOBIOOOOOO
73985,우선 먹고 보자는 찰나주의였다.,OOOOOOOOOOBIIIOOO
17273,"심지어 도저히 우리말화가 어려울 것은 램(RAM)이나 롬(ROM) 같은 말조차도 '막기억장치', '늘기억장치'로 한 것은 컴퓨터 전문가들 사이에서도 화제가 될 정도였다.",OOOOOOOOBIIOOOOOOOOOOBOOOOOOOOBOOOOOOOOOBOOOOOBIIIIOOOOBIIIIOOOOOOOOBIIOBIIOOBIOOOOBIOOOOBIOOO
26670,이것은 앞에서 언급한 바와 같이 이 지역의 원시토기문화를 낳게 한 원동력이 되었던 것이다.,OOOOBOOOBIOOOOOOOOOOBIOOBIOOOOOOOOOOOBIIOOOOOOOOOO
31716,임신 2개월(5~8주) 이 시기에 태싹은 머리와 몸통이 겨우 구별될 수 있는 모습이 된다.,BIOOOOOOOOOOOOOBIOOBIOOBIOOBIOOOOOBIOOOOOOOBIOOOOO
8133,그때마다 그의 가슴과 배가 심호흡을 위해 들먹거렸다.,BIOOOOOOBIOOBOOBIIOOOOOOOOOOO
66115,그는 스포츠카의 주인이 아니었다.,OOOBIIIOOBIOOOOOOO
6025,그는 광포한 폭풍의 바다 속으로 빨려들어가고 있나이다.,OOOBIOOBIOOBIOBOOOOOOOOOOOOOOO
42030,"실제로 까쭈샤의 갱생에 가장 큰 몫을 하는 것은 -- 적어도 그녀가 그들 틈에 있도록 네흘류도프가 만들어놓은 다음부터는 -- 이들 정치범이며, 네흘류도프 자신도 애초에 정치범들에 대해 갖고 있던 인식에 큰 변화가 일어났음을 시인한다(특히 3 부 5 장 참조).",OOOOBIIOOBIOOOOOOOBOOOOOOOOOOOOOOOOOOOOOOBOOOOOOBIIIIOOOOOOOOBIOOOOOOOOOOBIIOOOOBIIIIOBIOOBIOOBIIOOOOOOOOOOOOBIOOOOBIOOOOOOOOBIOOOOOOOOOOOOBOBIOO
68671,그러므로 글을 쓰기도 수월할 뿐만 아니라 논지를 체계적으로 정리할 수 있다.,OOOOOBOOOOOOOOOOOOOOOOOBIOOBIOOOOBIOOOOOOO
52767,합병과 인수에는 이미 네 번의 물결이 있었다.,BIOOBIOOOOOOOOOOOBIOOOOOO
28185,"그리고는,",OOOOO
38232,우리는 이미 여소야대의 정치에서도 경제 개혁의 혼선을 여러번 경험했다.,OOOOOOOBIIIOOBIOOOOBIOBIOOBIOOOOOOBIOOO
70846,펼쳐놓은 책 위에 라틴어로 'Veritas(진리)'라고 씌어진 마크가 철문의 기둥에 새겨져 있다.,OOOOOBOBOOBIIOOOOOOOOOOOBIOOOOOOOOOBIOOBOOOBIOOOOOOOOO
19290,그 반벌거숭이의 남자는 꼼짝없이 틀어잡힌 채 일으켜 세워졌다.,OOBIIIOOOBIOOOOOOOOOOOOOOOOOOOOOOO
32524,이때 우리 동료 중 한 명이 시경 모 간부의 목소리를 흉내내 경비전화로 마포 경찰서에 감춰 둔 승용차의 위치를 알아 냈던 것이다』,BIOOOOBIOOOOOOOOBIOOOBIOOBIIOOBIOOBIOOOOBIOBIIOOOOOOOBIIOOBIOOOOOOOOOOOO
56306,닭으로 한 거 다 좋아해요.,BOOOOOOOOOOOOOO
33333,그렇게 되면 아빠도 새엄마도 미워질 것만 같았습니다.,OOOOOOOBIOOBIIOOOOOOOOOOOOOOO
37337,따라서 진정한 의미의 문장의미론 고유의 영역을 확보하지 못한 것이 사실이다.,OOOOOOOOBIOOBIOOOOBIOOBIOOBIOOOOOOOOOBIOOO
3810,가벼운 바람과 함께 앞 창이 슬쩍 열리고는 공주보다 교만해 보이는 젊은 여자 손에는 새파란 줄기에 양호필(羊毫筆)같이 하얀 봉오리가 달린 난화(蘭花)를 한 다발 안고 와서는 뒤를 돌아보며 시비(侍婢)를 물리치곤 내 책상 위에 은으로 만든 화병에다 한 대를 골라 꽂아 두곤 무슨 말을 할 듯 할 듯하다가는 그만 부끄러운 듯이 아무런 말도 하지 못하고 조심조심 물러가고 만 것이었다.,OOOOBIOOOOOBOBOOOOOOOOOOBIOOOBIOOOOOOOOOBIOBOOOOOOOBIOOBIIOOOOOOOOOOOBIIOOOOOBIOOOOOOOOOOOOOOOOOOBOOOOOOOBIOOOOOOOOOOOOOBIOBOOBOOOOOOBIOOOOOOOOOOOOOOOOOOOOBOOOOOOOOOOOOOOOOOOOOOOOOOOOOOBOOOOOOOOOOOOOOOOOOOOOOOOOO
31514,"첫째, 그동안의 천민적 또는 투기적 자본주의화에 의해 일그러진 경제구조와 높은 대외의존성, 취약한 국제경쟁력과 경제적 불균형, 분배의 불평등과 땅에 떨어진 윤리·도덕, 정치·사회적인 낙후성과 불안정성을 바로잡기 위해서 사회민주주의가 필요하다.",OOOOBIIOOBIOOOOOBIOOBIIIOOOOOOOOOOOBIOOOOOOOBIOOOOOBIOOBIIOOOOBIOOOBIOOBIOOOBIOOBOOOOOOBBIOOOOBBIOOOOOBIOOOOBIOOOOOOOOOOOOBIIIOOOOBIOOO
72698,[그럼 쪼이 붙었구나(노름했구나).,OOOOBIOOOOOOBIOOOOO
2831,환경은 생각 안 하구.,BIOOBIOOOOOO
12697,{다람쥐나라}는 미국의 한국농민 수탈을 형상화해 본 것이고 {어머니 죄인}은 농촌의 가난한 농민들의 뼈저린 아픔을 자식들에게 느끼는 죄의식으로 표현한 것이다.,OBIIIIOOOBIOOBIOOOBIOOBIOOOOOOOOOOBIIOBIOOOBIOOBIOOBIOOOOOOOBIOOBIOOOOOOOOBIIOOOBIOOOOOO
26413,나의 일처럼 생각해서 어렵게 말하지만 그것은 거대한 결혼제도 앞에서 메아리처럼 울릴 뿐이다.,OOOBOOOBIOOOOOOOBOOOOOOOOBIOOBIOOOBOOOBIIOOOOOOOOOO
16036,둘째는 일본 식민지 시대에 태어나서 일본 교육을 받고 `아(亞)일본인'으로 형성되었다가 해방을 맞은 세대이다.,OOOOBIOBIIOBIOOOOOOOBIOBIOOOOOOBOBIIOOOOOOBIOOOOOBIOOOOOBIOOO
6039,"확실히 해두기 위해 다비는 그의 등으로 손을 가져가, 엄마가 아이에게 하듯 천천히 토닥거려주었다.",OOOOOOOOOOOBIOOOOOBOOOBOOOOOOOBIOOBIOOOOOOOOOOOOOOOOOO
74305,또한 다른 재벌그룹의 구조조정에 영향을 줄 것으로 전망된다.,OOOOOOBIOOOOBIOOOOBIOOOOOOOOBIOOO
45640,"""아인 최, 잠이 들었어요?""",OBIOBOOBOOOOOOOO
2182,"심심하다, 그래 그게 가장 정확한 표현이다.",OOOOOOOOOOOOOOOOOOOBIOOO
37681,학점이 뭐가 중요해.,BIOOOOOBIOO
15953,확실하게::.,OOOOOOO
47838,전 개인적으로 그런 생각을 하거든요?,OOBIOOOOOOOBIOOOOOOO
25424,이선생의 노골적인 훼방에도 불구하고 배선생은 별로 기분을 잡친 기색이 아니었다.,BIOOOBIOOOBIOOOOOOOOBIOOOOOOBIOOOOOBIOOOOOOO
1355,"개정 저작권법은 제28조에 ""도서관은 컴퓨터 등 정보처리능력을 가진 장치를 통해 당해 시설과 다른 도서관 등에서 이용자가 도서를 열람할 수 있도록 이를 복제.전송할 수 있다""는 규정을 신설했다.",BIOBBOOOOOOOOOOOBIIOOBIIOOOBIOOOOOOOOOBIOOOOOBIOBIOOOOOBIIOOOOOBIIOOBIOOBIOOOOOOOOOOOBBIOOOOOOOOOOOBIOOBIOOO
40359,작업과에선 각 노역장마다 샌드백 하나를 달아줬다.,BIIOOOOOBIIOOOBIIOOOOOOOOOO
68429,어거지로 세계사를 골랐는데.,BIIOOBIIOOOOOOO
22357,"김대표는 아침 일찍부터 '한 번만 그림을 만들어 주십시오.""라고",BIOOOBIOOOOOOOOOOOOBIOOOOOOOOOOOOOO
62589,그들은 서로 잘 아는 사이인 듯 남자는 남자끼리 여자는 여자끼리 지껄이다가 이번엔 남녀가 공방전을 펼 낌새였다.,OOOOOOOOOOOOBIOOOOBIOOBIOOOBIOOBIOOOOOOOOOBIOOBIOOBIIOOOOBIOOO
46030,"안씨는 지난 12일 권중희 씨 등 3 명이 자신의 집에 찾아와 ""부인이 있으면 방해가 된다""며 자신의 부인을 건너방에 가둬놓았고 박달나무 2 개로 멍이 들만큼 자신의 전신을 구타해 이 같은 거짓 진술을 하게 됐다고 말했다.",BOOOOOOOOOOBIIOOOOOOOOOOBIOOBOOOOOOOBIOOOOOOBIOOOOOOOBIOOBIOOBIIOOOOOOOOBIIIOOOOOOBOOOOOOBIOOBIOOBIOOOOOOOBIOBIOOOOOOOOOBOOO
20679,여자들이 모여 진지하게 얘기꽃을 피우거나 즐겁게 술을 마셔 대는 것을 보면 함께 어울리고 싶기도 하지만 남편이나 그의 동료들이 낯을 찌푸리며 비난의 눈초리를 보내지 않을까 하여 슬그머니 피하고 만다.,BIOOOOOOOOOOOBIIOOOOOOOOOOOBOOOOOOOOOOOOOOOOOOOOOOOOOOOOOOBIOOOOOOBIOOOBOOOOOOOBIOOBIIOOOOOOOOOOOOOOOOOOOOOOOOO
69999,해숙의 앞에 있는 술병을 들어 빈 잔에 따랐다.,BIOOBOOOOOBIOOOOOOOBOOOOOO
44959,"가난이 목적이 아니라, 일생동안 결코 남에게 해가 되지 않고 정의를 위해 싸우다가 죽겠다는 신념이었다.",BIOOBIOOOOOOOBIOOOOOOBOOOBOOOOOOOOBIOOOOOOOOOOOOOOOBIOOOO
54895,당신과 나도 매년 학년초가 되면 담임선생님에게 갖다드리는 바로 그것이다.,OOOOOOOOOOBIOOOOOOBIIIOOOOOOOOOOOOOOOOOO
20859,그녀는 법무장관 취임 직후 어깨를 드러낸 모습으로 사진 취재에 응해 언론들로부터 '캐나다 정계의 마돈나'라는 별명을 얻기도 했다.,OOOOBIOOOBIOBIOBIOOOOOOBIOOOBIOBIOOOOOBIOOOOOOBIIOBIOOBIIOOOOBIOOOOOOOOO
65264,다만 간택만 버리면 된다.,OOOBIOOOOOOOOO
21204,정시로 보면?,BIOOOOO
25713,어머니 생신도 끼여 있고 피서도 할 겸해서.,BIIOBIOOOOOOOOBIOOOOOOOO
25976,직원은 고개를 갸우뚱거리며 그대로 돌아갔다.,BIOOBIOOOOOOOOOOOOOOOOOO
25630,들먹이는 아이의 어깨를 젊은 부인이 가만히 안아주었다.,OOOOOBIOOBIOOOOOBIOOOOOOOOOOOO
34785,근데 가셔야 될 것 같아요.,OOOOOOOOOOOOOOO
73453,사물이나 현상을 볼 때 어떤 마음 자세로 보느냐에 따라 그 사물이나 현상을 대하는 태도가 결정되기 때문이다.,BIOOOBIOOOOBOOOOBIOBIOOOOOOOOOOOOBIOOOBIOOOOOOBIOOBIOOOOOOOO
49472,스무 살 때였다.,OOOOOBOOO
29276,"여러분들이 실제,",OOOOOOBIO
61851,정치적 과정을 통해 모두가 동의하는 (일종의 사회계약에 의한) 근대적 재산권제도를 확립함으로써 급속한 발전의 기초가 마련됐다고 본다.,BIOOBIOOOOOBIOOBIOOOOBIOOBIOOOOOOOOBIOOBBIOOOOBIOOOOOBIOOBIOOBIOOBIOOOOOOO
14766,즉 자기들 인간집단을 중심에 두고(그것이 실이익 추구든 종교상의 이상 추구든 간에) 우주나 세계의 구조 내지 질서를 바라본 것이다.,OOOOOOBIOOOOBIOOOOOOOOOBIOOBIOOBIOOOBIOBIOOOOOOBIOOBIOOBIOOOOBIOOOOOOOOOO
51385,"""고마와요, 아빠!""",OOOOOOOBIOO
1376,여자 안 줘?,BIOOOOO
25451,"1945년 전쟁이 끝난 지 두 달 후인 어느 날 한낮에, 4년 만에 처음 기차가 이 작은 마을에서 멈춰 서고, 외팔이 스펜서 트레이씨가 가방 하나만 달랑 들고 내린다.",OOOOOOBIOOOOOOOOOBOBOOOOOBOOBOOOOOOOOOBIOBIOOOOOOOBIOOOOOOOOOOBIIOBIIOBIIIOOBIOOOOOOOOOOOOOOO
35041,"몸도 성하지 않은 것 같은데….""",BOOOOOOOOOOOOOOOOO
18287,음~ 이들은 음~:: 이들은 신데렐라::의 친어머니가 돌아가시고 새로운 아버지가 새로 데리고 온 계모였어요.,OOOOOOOOOOOOOOOOBIIIOOOOBIIIOOOOOOOOOOOOBIIOOOOOOOOOOOBIOOOO
2015,"만일 복제 행위가 금지된다면, 빈 테이프에 소비되는 돈의 대부분이 음반을 구입하는 데 쓰여질 것이다.",BIOBIOBIOOBIOOOOOOOBIIOOBIOOOBOOBIIOOBIOOBIOOOOOOOOOOOOO
73476,돈 많이 벌어서 착하고 선하다고 신문 테레비에 오르락내리락하는 짓 삼 세 번만 해봐라.,BOOOOOOOOOOOOOOOOOBIOBIIOOOOOOOOOOOBOOOOOOOOOOOO
28295,석유불을 드문드문 켠 써늘한 기차 속은 몹시 우중충하고 기름냄새가 코를 찌른다.,BIOOOOOOOOOOOOOOBIOBOOOOOOOOOOOBIOOOOBOOOOOO
7363,부회장을 대표이사 회장으로 선임했다.,BIIOOBIOOOBIOOOBIOOO
4352,살뜰하게 잔정을 쏟아주진 않았지만 남편의 사랑은 점잖으면서도 깊었다.,OOOOOBIOOOOOOOOOOOOBIOOBIOOOOOOOOOOOOO
69772,"있어서::,",OOOOOO
57668,부탁한 십만원은 가지고 왔어.,BIOOOOOOOOOOOOOO
50915,이 말은 사람의 현실 이해가 불가피하게 사회계층의 원근법의 왜곡을 감수한다는 것을 인정하는 말이다.,OOBOOBIOOBIOBIOOOOOOOOBIOOOOBIIOOBIOOBIOOOOOOOBIOOOBOOO
13137,"예학의 뒷받침을 한 것이 성리학이었음을 감안하면, 이 문제는 성리학의 특성에서 이해될 수 있는 것이다.",BIOOBIIOOOOOOOBIIOOOOOBIOOOOOOBIOOBIIOOBIOOOBIOOOOOOOOOOO
55001,나는 열고야가 어떤 곳인지 물었다.,OOOBIIOOOOOBOOOOOOO
27693,그러자 10개의 핀으로 하는 볼링이 9개의 핀을 가지고 하는 볼링의 금지령을 우회해 벗어나려는 시도로 행해졌다.,OOOOOOOOOBOOOOOOBIOOOOOOBOOOOOOOOOBIOOBIIOOBIOOOOOOOOBIOOOOOOO
10552,"공연은 '각 장르 대표가수들의 박인수 대표곡 리메이크', '동료, 선후배 가수들의 쾌유기원 특별무대', '후배 가수들의 히트곡 퍼레이드' 등 3부로 나눠져 열린다.",BIOOOOOBIOBIOOOOOBIIOBIIOBIIIOOOOBIOOBIIOBIOOOBIOOOBIOOOOOOBIOBIOOOBIIOBIIIOOOOOOOOOOOOOOOO
534,학교 뒤 야산에서 아카시아꽃 냄새가 훅 풍겼다.,BIOBOBIOOOBIIIOOBIOOOOOOOO
290,그런 정체불명의 약 중에는 누구도 나았고 누구도 나았다는 확인할 수 없는 검증이 가장 많이 붙고 값도 엄청나게 비싼 게 있었다.,OOOBIIIOOOOOOOOOOOOOOOOOOOOOOOOOBIOOOOOOOBIOOOOOOOOOOOBOOOOOOOOOOOOOOOO
48857,"""가자우!""",OOOOOO
19500,그래서 아이는 북쪽으로 난 창문을 오래오래 바라보다가 눈이 좀 어지럽다 싶으면 남쪽으로 난 창문으로 고개를 돌리고 빗소리를 듣는다.,OOOOBIOOBIOOOOOBIOOOOOOOOOOOOOBOOOOOOOOOOOOOBIOOOOOBIOOOBIOOOOOOBIIOOOOOO
61469,"아담 이후 이천 년 만에 아브라함이 왔고 아브라함 이후 이천 년 만에 예수가 왔듯, 예수 이후 이천 년 만에 메시야가 와야 한다는 것이다.",BIOBIOOOOOOOOOBIIIOOOOOBIIIOBIOOOOOOOOOBIOOOOOOBIOBIOOOOOOOOOBIIOOOOOOOOOOOOO
39875,"은유는 어떤 언어에나 다 있는데 표현의 신선미를 주는, 인간의 창조적 능력을 가장 잘 나타내는 언어표현이다.",BIOOOOOBIOOOOOOOOOBIOOBIIOOOOOOBIOOBIOOBIOOOOOOOOOOOOBIOOOOO
39771,강아지똥은 할말이 없어졌습니다.,BIIOOOOBOOOOOOOOO
27171,요즘은 비디오 세대라 대학생들이 전처럼 책을 많이 보지 않고 그에 따라 생각하는 능력 또한 뒤떨어지는 듯하다.,BIOOBIIOBIOOBIOOOOBOOOBOOOOOOOOOOOOOOOOOBIOOOBIOOOOOOOOOOOOOO
74531,곧 시험도 볼 텐데.,OOBIOOOOOOO
31630,이러한 여러 수준의 의식 상태를 총칭해서 '의식 장애 (disorder of consciousness)'라고 부른다.,OOOOOOOBIOOBIOBIOOBIOOOOBIOBIOOOOOOOOOOOOOOOOOOOOOOOOOOOOOOOOOOOO
65513,"눈 내리기 직전의 하늘이고,",BOOOOOBIOOBIOOO
33581,그럼에도 남쪽에서는 「북한은 고립돼 있다」 「이 이상 궁지로 몰아 넣으면 안된다」 「체면을 세워 줘야 한다」며 북한보다 오히려 설치고 있다.,OOOOOBIOOOOOBIOOBIOOOOOOOOOBIOBIOOOOOOOOOOOOOOOBIOOOOOOOOOOOOOBIOOOOOOOOOOOOOO
35487,"만약을 대비해서…"" ""이곳까지 찾아올까.",BIOOBIOOOOOOOOOOOOOOOO
31644,"""유형기가 어디로 잠적했는지 모르겠어요.""",OBIIOOOOOOBIOOOOOOOOOOO
6801,"아침부터 공부 얘기야, 열뻗치게.",BIOOOBIOBIOOOBOOOO
990,육으로 칠분을 해.,OOOOOOOOOO
23268,주민등록증을 챙겨오지 못해서 그냥 시골길로 내려갔다가 다시 올라왔다며 눈물을 글썽이던 어머니.,BIIOOOOOOOOOOOOOOOOBIOOOOOOOOOOOOOOOOOOBIOOOOOOOBIIO
13805,지식을 '주입'하던 칠판 교육을 거의 없애고 토론-비디오 및 실물 투사기 교육 등으로 학생들이 스스로 학습 능력을 기르도록 했다.,BIOOOBIOOOOBIOBIOOOOOOOOOBBIIOOOOOBIOBIIOBIOOOOOBIOOOOOOOBIOBIOOOOOOOOOO
44206,아버지의 목소리는 숲의 어둠 속으로 꽃처럼 떨어졌다.,BIIOOBIIOOBOOBIOBOOOBOOOOOOOO
58069,아무리 어려운 것이라도 어떻게 하면 어떻게 되는 도리가 있다는 자각이 아직 다듬지 아니한 머리털 밑에서 나왔다.,OOOOOOOOOOOOOOOOOOOOOOOOOOOBIOOOOOOBIOOOOOOOOOOOOOBIIOBOOOOOOO
41537,"리얼리즘이 낭만주의 속에 내재하는 고전주의적 가능성을 계승 발전시킨 것이라면, 자연주의는 자기극복에 실패한 낭만주의에 대한 단순한 반동으로서, 후자의 반고전주의적 약점을 그대로 답습하고 있는 것이다.",BIIIOOBIIIOBOOBIOOOBIIIOOBIOOOBIOBIOOOOOOOOOBIIIOOOOBIOOBIOOBIIIOOOOOBIOOBIOOOOOBIOOOBIIIOOBIOOOOOOBIOOOOOOOOOO
23374,봉사 불러 독경한들 독경발을 받을까.,BIOOOOBIOOOBIIOOOOOO
11177,"우선, 민족주의 역사학은 인류 사회의 보편적인 발전 법칙을 탐색하지 않았다.",BIOOBIIIOBIIOOBIOBIOOBIOOOBIOBIOOBIOOOOOOO
52561,불안하게 되는 것이다.,BIOOOOOOOOOO
34631,"조금 더 똑똑한 모습으로 딱 가운데 항상 변함없이 같은 자리에,",OOOOOOOOOBIOOOOOBIIOOOOOOOOOOOOBIOO
5506,***'첫승' 좌절 폴란드 감독,OOOOOBOOBIOBIIOBI
15621,"행락객들이 모두 우리들의 손님인데 싫은 소리를 할 수가 없죠.""",BIIOOOOOOOOOOOBOOOOOOOBIOOOOOOOOOOO
36158,"그니까 그건,",OOOOOOO
36735,"사람들에게 하던,",BIOOOOOOO
34926,타잔 미국의 소설가 버로즈가 쓴 소설의 주인공.,BIOBIOOBIIOBIIOOOOBIOOBIIO
11018,"되게 오래 한다 막 이랬었어,",OOOOOOOOOOOOOOOO
37711,제시는 어머니에 대한 미움은 더 이상 남아 있지 않지만 아직 어머니를 만나고 싶지는 않다고 했다.,BIOOBIIOOOOOBIOOOOBIOOOOOOOOOOOOOOBIIOOOOOOOOOOOOOOOOO
33758,또한 결신 발작에 흔히 사용되어 오던 ethosuximide와도 같은 효능을 나타낸다.,OOOBIOBIOOOOOBIOOOOOOOOOOOOOOOOOOOOOOOOBIOOOOOOO
34439,프랑스 요리는 16세기 초만 하더라도 조악하기 그지없었다.,BIIOBIOOOOBIOOOOOOOOOOOOOOOOOOOO
5038,"그래서 나는 스타 하기 시작했거든,",OOOOOOOBIOOOOBIOOOO
30441,황료한 벌판에 서 있다는 감정이 은철에게 느껴왔다.,OOOOBIOOOOOOOOBIOOBIOOOOOOOO
74725,약분 약분돼서?,BIOBIOOO
52565,"거기서 더 나아가, 《일본철학사》에 관해서도 견문을 얻어야 한다고 여겨, 일본문학사라는 책이 있으면 구해서 보려고 했다.",OOOOOOOOOOOBIIOOOOOOOOOOOBIOOOOOOOOOOOOOOBIIOOOOOBOOOOOOOOOOOOOOOOO
68455,올 초 한국산업기술진흥협회(이하 산기협)가 1천개 민간기업 연구소를 대상으로 조사한 바에 따르면 민간연구소 중 64.1%가 인력문제를 가장 큰 애로점으로 꼽았다.,OOOOBBIIIIIIIIOOOOBIIOOOOOOOBIOOOBIIOOBIOOOBIOOOOOOOOOBIIOOOOOOOOOOOOBIOOOOOOOOOBIOOOOOOOO
29265,아무래도 심상찮은 일이었다.,OOOOOOOOOOBOOOO
31424,"요한 바오로 2세도 {100주년}에서 재산소유권과 재화의 공동목적에 대한 가르침을 확인하면서, 동시에 재화의 기원이 하나님의 선물과 인간의 노동의 결합이라는 사실을 일깨우고 있다.",BIOBIIOOOOOOOOOOOOOOOBIOOOOOBIOOBIOOOOOOOBIIOOBIOOOOOBIOOBIOOBIOOBIIOOBIOOBIOOBIOOBIOOOOBIOOOOOOOOOO
53968,"가장 보안에 문제가 없는 쪽으로,",OOOBIOOBIOOOOOOOOO
22382,증권?,BIO
67545,가난했을망정 농촌 정서를 간직하고 있는 윗대의 삶에 비교해서 오늘의 어린이들은 분명 불행하다.,BIOOOOOBIOBIOOBIOOOOOOBIOOBOOBIOOOBIOOBIIOOOOOOBIOOO
2142,"우리 나라가 조성이 안 됐으니까::,",OOOBIOOBIOOOOOOOOOOO
69414,그리고 한말漢末의 어수선한 세상을 피하여 어머니를 모시고 홀로 노산盧山의 고적한 땅에서 서러운 해를 보냈다고 전한다.,OOOOBIOOOOOOOOOBIOOOOOOBIIOOOOOOOOOBIOOOOBIOOBOOOOOOOBOOOOOOOOOOO
68662,이 아픔을 전할 수 있도록 대왕을 보게 하소서.,OOBIOOOOOOOOOOOBIOOOOOOOOO
20117,이 같이 죄형법정주의에 어긋나는 법률은 위헌이므로 무효이다.,OOOOOBIOOOOOOOOOOOBIOOBIOOOOBIOOO
14365,규혁은 침대 곁에 주저앉아 머리칼을 쥐어뜯으며 흐느끼기 시작했다.,BIOOBIOBOOOOOOOBIIOOOOOOOOOOOOOBIOOO
2709,그가 그런 폼을 잡고 무슨 말인가를 꺼낼 적이면 대체로 난 코웃음으로 맞장구를 쳐주었다.,OOOOOOBOOOOOOOOBOOOOOOOOOOOOOOOOOBIIOOOBIIOOOOOOO
38359,"엿기름을 만들어서 엿, 감주를 만들기도 하며, 가루로 빻아 빵을 만들기도 하고, 겉보리를 볶은 것은 보리차를 만드는 데 쓰이기도 한다.",BIIOOOOOOOBOOBIOOOOOOOOOOOBIOOOOOBOOOOOOOOOOOBIIOOOOOOOOBIIOOOOOOOOOOOOOOOO
64123,오미경 학생의 서론은 최명찬 학생의 서론에서 부족한 점을 모두 보완했다.,BIIOBIOOBIOOBIIOBIOOBIOOOBIOOBOOOOOBIOOO
49204,"""고맙소.""",OOOOOO
50305,먼데서 모습이 보이면 다른 곳으로 돌아갔습니다.,OOOOBIOOOOOOOOOBOOOOOOOOOO
71920,"⒝ 상호통제와 상호유인 둘째, 그리고 여기서 '자율적'이라 함은 세 주체의 역할과 기능이 세 주체가 모두 합리적인 의약생활문화를 형성하는 방향으로 자기반성과 성찰을 수행함으로써 변화되는 것을 가리킨다.",OOBIOOOOBIOOOOOOOOOOOOOOOOBIOOOOOOOOOOBIOOBIOOBIOOOOBIOOOOOBIOOOBIOOOOOOBIOOOBIOOOBIIIOOBIOOBIOOOOOBIOOOOOOOOOOO
56463,옆의 친구가 고개를 저었다.,BOOBIOOBIOOOOOO
46772,국이 끓어오름에 따라 두 소녀는 그 맛난 냄새에 홀려서 다른 생각을 할 여유가 없었다.,BOOOOOOOOOOOOOBIOOOOOOOBIOOOOOOOOOBIOOOOBIOOOOOO
7622,연탄은 지속적이고 끈질긴 대량학살의 주범이던 흉악한 모습을 아직은 아주 지워내지 못하고 있다.,BIOOBIOOOOOOOOBIOOOOBIOOOBIOOBIOOOOOOOOOOOOOOOOOOOOO
28565,"정각원장 법산 스님은 ""동국발전이 불교 발전이라는 방침을 세워 놓고 학생들을 비롯 불자들에게 불법을 쉽게 접할 수 있고 생활화할 수 있도록 하기 위해 정각원을 항상 개방하고 있다""고 말했다.",BIIIOBIOBIOOBIIOOOOBIOBIOOOOBIOOOOOOOOBIOOOOOOBIOOOOBIOOOOOOOOOOOOOBIOOOOOOOOOOOOOOOBIIOOOOOBIOOOOOOOOBOOO
10134,"함승희 민주당 의원은 학력 허위 기재 의혹과 관련해 ""교직원 실수라고 했는데, 사실은 이것이 사회에 만연한 일류병 때문이 아니냐""며 ""어떤 이는 '좋은 가문, 좋은 학교 출신이 지도자가 돼야 한다'고 했는데, 이런 일류병적 언행이 일류에 끼지 못하는 수많은 국민에게 자괴감을 주고 학교교육 파행 등을 가져오는 것 아니냐""고 물었다.",BIIOBIIOBIOOBIOBIOBIOBIOOBIOOOBIIOBIOOOOOOOOBIOOOOOOBIOOBIOOBIOOOOOOOOOOOOOOOOOOOOOOOBIOOOOOBIOBIOOBIIOOOOOOOOOOOOOOOOOOBIOOOBIOOBIOOOOOOOOOOOOOBIOOOBIIOOOOOBIOOOBIOOOOOOOOOOOOOOOOOOOOO
41365,그것은 곧 사회의 종말이기 때문이다.,OOOOOOBIOOBIOOOOOOOO
52641,G7 국가들 가운데 하나인 일본도 정보의 투명성이란 관점에서는 아직 미흡하다.,OOOBIOOBIIOOOOOBIOOBIOOBIOOOOBIOOOOOOOBIOOO
61844,이 이야기는 처음부터 끝까지가 어디까지나 백도로 채색된 칼의 연극이다.,OOBIIOOBIOOOBOOOOOOOOOOBIOOBIOOBOOBIOOO
71751,복원 추출할 때!,BIOBIOOBO
50578,어느날 밤 현주누나가 스탠드등 아래서 공부를 하고 있는데 물리적으로 납득할 수 없는 현상이 일어났다.,OOBOBOBIOOOOBIIOOBIOOBIOOOOOOOOOBIOOOOBIOOOOOOOBIOOOOOOO
43095,언론의 질과 공적 기능의 수행은 소유방식에 의해서보다는 소유주와 경영진의 양식과 전통의 문제에 의해서 더 좌우된다.,BIOOBOOBOOBIOOBIOOBIOOOOOOOOOOOBIIOOBIIOOBIOOBIOOBIOOOOOOOOBIOOO
57123,그때는 그가 왜 그렇게 놀랐는지 알 수가 없었다.,BIOOOOOOOOOOOOOOOOOOOOOOOOO
4455,신영이 형도 그렇고.,BIOOBOOOOOO
19354,버스가 전복했는데 차체가 어느 만큼 파손됐느냐는 그리 큰 문제가 아니다.,BIOOBIOOOOBIOOOOOOOOBIOOOOOOOOOOBIOOOOOO
61737,넌 할 수 있어.,OOOOOOOOO
60604,좋은 찬습니다.,OOOOOOOO
30799,그에게 단도직입적으로 「법무관을 만났으며 그가 서울방송의 증언을 정면으로 부인하고 있다」고 말을 꺼냈다.,OOOOBIIIOOOOOBIIOOOOOOOOOOBIIIOOBIOOBIOOOBIOOOOOOOOBOOOOOO
58948,"중앙집권화되고 비대한 관료제에 의하여 인민의 복지를 제공하려는 복지국가의 발달은 일반적으로 비영리단체에 대한 무관심을 초래한다(박상필, 1999c).",BIOOOOOOBIOOBIOOOOOOOBIOOBIOOBIOOOOBIOOOOBIOOBIOOOOBIIOOOOOOOOBIOOBIOBIIOOOOOOOOOOO
49316,"""오늘 송별회에 참석한 특별한 손님 한명을 소개하겠습니다.""",OOOOBIIOOBIOOBIOOBOOOOOOBIOOOOOOO
70198,"""우리들은 언제든지 아주 근본적인 문제를 소홀히 하는 경향이 있습니다.",OOOOOOOOOOOOOOBIOOOBIOOOOOOOOOBIOOOOOOO
22509,산업 자본주의는 전통적인 사회 질서를 붕괴시키면서 전혀 새로운 차원의 노동 개념과 휴식 개념을 탄생시켰다.,BIOBIIIOOBIOOOBIOBIOOBIOOOOOOOOOOOOBIOOBIOBIOOBIOBIOOBIOOOO
32733,드보라에게 찬송을 하게 하신 우리 하나님 아버지.,BIIOOOBIOOOOOOOOOOOBIIOBIIO
4182,까치 울음소리가 좋고 까치집이 좋다.,BIOBIOOOOOOOBIOOOOOO
16071,과거에 내가 `황국신민'으로서의 일본 교육을 받았던 기간과 거의 비슷한 기간을 나는 1960년대에 독일에서 지낼 기회를 가졌던 것이다.,BIOOOOOOBIIIOOOOOOBIOBIOOOOOOBIOOOOOOOOOBIOOOOOOOOOOOOOBIOOOOOOBIOOOOOOOOOO
2508,대학평가는 대학 자체 평가와 외부 전문기관에 의한 평가로 나눌 수 있다.,BIOOOOBIOBIOBIOOBIOBIOOOOOOOBIOOOOOOOOOO
74573,또 이것으로도 충분하지 않다.,OOOOOOOOBIOOOOOO
28047,여자가 저래서 어디에 써먹을까.,BIOOOOOOOOOOOOOOO
58830,때로는 종일을 날아도 쉴 곳이 나타나지 않을 때가 있었습니다.,OOOOBIOOOOOOOOBOOOOOOOOOOBOOOOOOOO
66729,화가의 색채의 배합이 왜 아름다운 것인지를 물리학의 일분야인 색채학이 설명할 수 없는 것과 같다.,BIOOBIOOBIOOOOOOOOOOOOOOBIIOOOBIOOBIIOOBIOOOOOOOOOOOOO
4229,그래서 지금 알렉산드리아에는 싸구려 담뱃갑에 클레오파트라의 초라한 그림만이 명맥을 유지할 뿐입니다.,OOOOOOOBIIIIIOOOBIIOBIIOOBIIIIIOOOOOOBIOOOBIOOBIOOOOOOO
21633,사내의 얼굴은 역광에 비쳐 잘 나타나 있지 않았습니다.,BIOOBIOOBIOOOOOOOOOOOOOOOOOOOO
3404,물론 청와대가 그동안 안중에도 없던 이대표와의 영수회담에 응한 것은 DJ의 귀국을 앞두고 그의 위상을 높여 줄 필요가 있기 때문이라는 해석이 더 유력하지만 전자의 가능성도 전혀 배제할 수 없다는 것이다.,OOOBIIOOBIIOBIOOOOOOBIOOOOBIOOOOOOOOOOOOOOBIOOOOOOOOOBIOOOOOOOBIOOOOOOOOOOOBIOOOOBIOOOOBIOOBIOOOOOOBIOOOOOOOOOOOO
24793,세 사내 곁에 앉아 주안 수발하며 만수받이를 하고 있는 기녀는 금시 초면이었다.,OOBIOBOOOOOBIOBIOOOBIIIOOOOOOOOBIOOBIOBIOOOO
55387,잠시 잠깐이었지만 소매치기의 손이 내 몸에 닿았다고 생각하니 찜찜했다.,OOOBIOOOOOBIIIOOBOOOOBOOOOOOOBIOOOOOOOO
74618,"하나는 우리의 올바른 삶의 방향은 누가 가르쳐 주는 게 아니라 우리가 스스로 배워 나가야 한다는 것과, 그러기 위해서는 먼저 우리 자신이 거리낌없이 떳떳하게 살아야 한다는 것이었다.",OOOOOOOOOOOOBOOBIOOOOOOOOOOOOOOOOOOOOOOOOOOOOOOOOOOOOOOOOOOOOOOOOOOOOOOOOBIOOBIIOOOOOOOOOOOOOOOOOOOOO
7276,이가 의외로 또 깡이 쎄요.,OOOBIOOOOBOOOOO
57237,"어째서 똑같은 학생들의 성적이 담당선생님에 따라서 1위, 3위가 될 수도 있고 50위, 60위, 심지어는 72위까지 나올 수 있느냐, 이겁니다.",OOOOOOOOBIOOOBIOOBIOOOOOOOOOOOOOOOOOOOOOOOOOOOOOOOOOOOOOOOOOOOOOOOOOOOOOOOOOOOOO
1475,"나는 그런:: 류의 시험 아이엘츠 같은 경우는::,",OOOOOOOOBOOBIOBIIIOOOOBIOOOO
43113,유전자 사용료.,BIIOBIIO
34197,양복점 재단사는 다름 아닌 박대통령의 옷을 전문으로 만들었던 사람이었지요.,BIIOBIIOOOOOOOOBIIOOOBOOBIOOOOOOOOBIOOOOO
23410,그는 6회에 일찌감치 선발타자 전원탈삼진 기록(한국시리즈 사상 세번째)을 세우며 모두 12명의 LG 타자를 삼진으로 솎아냈다.,OOOOOOOOOOOOBIOOOBIIOOOBIIOOOOOOBIOOOOOOOOOOOOOOOOOOOOOOBIOOBIOOOOOOOO
2778,"중국 춘추 시대 노나라에서 살았으며, 고대 사상들을 종합하여 시경, 서경, 역경, 예기, 춘추, 악경 등을 정리하여 유가의 시조가 되었다.",BIOBIOBIOBIIOOOOOOOOOBIOBIOOOBIOOOBIOOBIOOBIOOBIOOBIOOBIOOOOBIOOOBIOOBIOOOOOO
1742,전장에서는 매도 매수간의 관망으로 강보합을 유지하다 후장 들어 북방 관계 개선설로 투자 심리가 크게 호전됐다.,BIOOOOBIOBIOOOBIOOOBIIOOBIOOOBIOOOOBIOBIOBIIOOBIOBIOOOOOBIOOO
3989,"""아니 그럼 네가 어린애가 아니고 어른이란 말이냐.""",OOOOOOOOOOBIIOOOOOOBIOOOBOOOO
38576,"그러나 금리와 세금의 인상은 통일을 위한 댓가로 당분간 서독인들을 납득시킬 수는 있겠지만, 심각한 것은 최고 5백만명으로 예상되는 실업자의 증가 문제이다.",OOOOBIOOBIOOBIOOBIOOOOOBIOOOOOOBIIOOOBIOOOOOOOOOOOOOOOOOOOBIOOOOOOOOBIOOOBIIOOBIOBIOOO
37051,"제 삶의 주인이 되어 우릴 노예로 만들고 있는 놈들과 싸워나갈 작정입니더.""",OOBOOBIOOOOOOOOBIOOOOOOOOOOOOOOOOOOBIOOOOO
53300,자네 내 대신 부산 좀 다녀오게.,OOOOOBIOBIOOOOOOOO
66703,"현 상태를 유지하자 그거고,",OOBIOOBIOOOOOOO
38104,요것도 구고.,OOOOBOO
29794,나는 이제 알 수 있을 것 같다.,OOOOOOOOOOOOOOOOOO
69954,그의 답변에서 저는 고흐 생각을 합니다.,OOOBIOOOOOOBIOBIOOOOOO
50832,옆구리 터진 쇼핑백까지도 차마 버릴 수가 없었다.,BIIOOOOBIIOOOOOOOOOOOOOOOOO
68612,■FRB의장 그린스펀,OOOOBIOBIII
54529,나는 당신 이외의 여자들한테는 벼락을 맞는 듯한 감정을 느끼지 않을 거라고 생각했어.,OOOOOOBIOOBIOOOOOBIOOOOOOOOBIOOOOOOOOOOOOOBIOOO
29610,"알아서 정말,",OOOOOOO
11603,용케 설득하여 입사를 확정하고 나서 갑자기 출근을 하지 않는 경우는 생각보다 많이 발생한다.,OOOBIOOOBIOOBIOOOOOOOOOOBIOOOOOOOOBIOOBIOOOOOOBIOOO
63089,"미국과 유럽, 일본 등의 7개국은 세계인구의 10%도 대표하지 않은 그룹이지만 실질적인 '글로벌 경제 가버넌스'의 핵심 역할을 맡고 있다.",BIOOBIOOBIOOOOOOOOOBIOOOOOOOOOBIOOOOOOBIOOOOBIOOOOBIIOBIOBIIIOOOBIOBIOOOOOOOO
38361,"몸길이는 25 ~ 30 cm 가량이고, 몸색깔은 연한 갈색에 푸른색을 띠고 있다.",BIOOOOOOOOOOOOOOOOOOOOBIOOOOOOBIOOBIIOOOOOOOO
28310,"날카로운 정으로 가심질하듯이, 아득하게 솟구치는 마천루의 위용을 그들의 남루와 견주며, 에휴, 에휴만 거푸 했다.",OOOOOBOOOBIOOOOOOOOOOOOOOOOBIIOOBIOOOOOOBIOOOOOOOOOOOOOOOOOOOOO
37331,"이기풍 선교사님,",BIIOBIIOO
62258,이번에는 초침 소리가 요란한 시계도 놓고 하자.,BIOOOBIOBIOOOOOOBIOOOOOOOO
55248,광택있는 청동색의 몸은 검은색에서 황색까지의 색깔로 얼룩져 있다.,BIOOOBIIOOBOOBIIOOOBIOOOOBIOOOOOOOOO
65609,나는 곧 그런 생각의 터무니없음을 스스로 알아차렸지만 섬뜩한 느낌만은 구체적인 물건의 촉감처럼 생생했다.,OOOOOOOOBIOOOOOOOOOOOOOOOOOOOOOOOOBIOOOBIOOOBIOOBIOOOOOOOO
62291,'브라운아이드 솔'(Browneyed Soul)의 리더 나얼(25).,OBIIIIIOBOOOOOOOOOOOOOOOOOOOBIOBIOOOOO
29164,근까 목요일.,OOOBIIO
16724,"자기 선배랑 왔는데,",OOOBIOOOOOO
5379,걔 친구가 동창회를 갔는데 여자애가 술을 딱 먹고 나서 어~ 필림이 짤린 거야.,OOBIOOBIIOOOOOOBIIOOBOOOOOOOOOOOOOBIOOOOOOOO
40910,늘 사용하는 것이 아닌 어떤 것이 요구된다.,OOBIOOOOOOOOOOOOOOOBIOOO
11148,끝장을 각오하지 않고는 차마 입에 담기 싫은 게 그녀의 최소한의 자존심이었다.,BIOOBIOOOOOOOOOOBOOOOOOOOOOOOOOBIIOOBIIOOOO
16292,이번 판결은 1997년 자신의 소속과 이름을 밝히지 않은 경찰관의 불심검문에 대해 국가의 300만원 배상책임을 인정한 판결에 이어 경찰의 무분별한 불심검문 관행에 경종을 울릴 것으로 보인다.,BIOBIOOOOOOOOBIOOBIOOBIOOOOOOOOOBIIOOBIOOOOOOOBIOOOOOOOOBIOOOOBIOOBIOOOOOBIOOOBIOOBIOOOBIOOBIOOOOOOOOOOOOO
38899,"""아버지가 장교였어요.",OBIIOOBIOOOO
43055,그리고 가장 빛나는 광복의 기념비가 될 것이다.,OOOOOOOOOOOBIOOBIIOOOOOOOO
48799,그만큼 구설수에 시달리기도 했다.,OOOOBIIOOOOOOOOOOO
66571,전기는 휴식도 빼앗아 갔다.,BIOOBIOOOOOOOOO
5540,"싹쓸이 충동, 자살 특공대, 테러리즘과 파시즘의 시작이다.",BIIOBIOOBIOBIIOOBIIIOOBIIOOBIOOO
